Subject,Run,TSNE1,TSNE2,TSNE3,Positive,Negative,Future,Past,Myself,People,Surroundings,Images,Words,Specific,Intrusive,Set Label,Group Probability
sub-010014,post-ses-02-run-01-acq-AP,2.843978,-5.0014043,-1.0304434,0.6,-0.42857142857142855,-0.6,0.125,-0.7142857142857143,-0.2,0.11764705882352941,0.7142857142857143,0.8421052631578947,-0.875,-0.2857142857142857,Set B,0.9256324911886963
sub-010014,post-ses-02-run-01-acq-PA,0.48037615,2.531097,-1.4794785,-0.2,-0.5714285714285714,0.4,0.5,0.2857142857142857,-0.2,0.7058823529411765,0.7142857142857143,0.7368421052631579,-0.875,0.42857142857142855,Set B,0.9397791150397065
sub-010014,post-ses-02-run-02-acq-AP,-4.0406785,7.252702,1.2371172,-0.4,0.8571428571428571,0.0,-0.25,-0.14285714285714285,-0.4,0.35294117647058826,0.14285714285714285,0.7368421052631579,-0.75,0.5714285714285714,Ambiguous,0.5748448518274198
sub-010014,post-ses-02-run-02-acq-PA,-3.5982518,8.864883,0.9959253,-1.0,0.7142857142857143,1.2,-1.125,0.0,-0.4,0.23529411764705882,0.2857142857142857,0.8421052631578947,-0.75,0.42857142857142855,Ambiguous,0.6675511494312444
sub-010080,post-ses-02-run-02-acq-AP,4.039912,-3.8956394,-1.4351463,0.4,-0.2857142857142857,-0.6,-0.5,-0.5714285714285714,0.0,0.5882352941176471,0.0,0.0,-0.5,-0.8571428571428571,Set B,0.8748080500157179
sub-010080,post-ses-02-run-02-acq-PA,3.6065419,-5.423866,-12.782285,1.4,-0.5714285714285714,1.0,0.5,-0.2857142857142857,1.2,-0.11764705882352941,0.7142857142857143,-0.21052631578947367,0.75,0.0,Set B,0.9999793340659927
sub-010082,post-ses-02-run-01-acq-AP,-7.6452084,11.143087,1.6353383,-1.6,1.1428571428571428,0.6,-1.125,0.14285714285714285,0.4,0.5882352941176471,0.0,0.631578947368421,0.25,-0.8571428571428571,Ambiguous,0.7935864703820743
sub-010082,post-ses-02-run-01-acq-PA,-6.480602,12.253153,1.1901451,-2.0,1.2857142857142858,0.0,-1.25,0.0,-0.6,-0.35294117647058826,0.0,0.5263157894736842,0.5,-0.2857142857142857,Set A,0.9949956947011648
sub-010082,post-ses-02-run-02-acq-PA,-6.1127048,12.611202,1.079889,-1.4,1.1428571428571428,0.2,-1.0,-0.2857142857142857,-1.4,-0.5882352941176471,-0.2857142857142857,0.42105263157894735,0.25,-0.7142857142857143,Set A,0.9958653901352588
sub-010084,post-ses-02-run-01-acq-AP,8.327688,6.145379,-3.8702288,1.0,-0.7142857142857143,1.0,-0.625,-0.8571428571428571,1.0,-0.47058823529411764,-1.7142857142857142,0.9473684210526315,-0.375,0.14285714285714285,Set B,0.9854261450924968
sub-010084,post-ses-02-run-01-acq-PA,8.4293165,4.71321,-4.765972,1.0,-0.7142857142857143,1.0,-0.5,-1.0,0.2,-0.11764705882352941,-1.0,0.9473684210526315,0.5,-0.14285714285714285,Set B,0.9922567865662624
sub-010084,post-ses-02-run-02-acq-AP,8.631349,4.2545347,-5.248357,1.2,0.14285714285714285,0.8,-0.25,-1.1428571428571428,0.0,0.23529411764705882,-0.7142857142857143,0.5263157894736842,0.5,-0.14285714285714285,Set B,0.9916737980294984
sub-010084,post-ses-02-run-02-acq-PA,7.1332827,4.4718614,-2.0565825,0.4,-0.42857142857142855,0.0,-0.625,-0.8571428571428571,0.0,-0.23529411764705882,-1.0,0.42105263157894735,-0.375,-0.42857142857142855,Set B,0.8723423827618889
sub-010015,post-ses-02-run-01-acq-AP,1.9768704,9.406549,4.1012864,-1.0,1.1428571428571428,-0.2,0.125,-0.8571428571428571,0.2,0.23529411764705882,-1.1428571428571428,0.3157894736842105,0.25,-0.5714285714285714,Set A,0.8577119928889166
sub-010015,post-ses-02-run-01-acq-PA,-2.5953472,0.9820055,11.248515,-1.0,1.1428571428571428,-2.0,-0.375,0.14285714285714285,-2.2,0.47058823529411764,-0.14285714285714285,-0.7368421052631579,-1.125,-0.7142857142857143,Set A,0.9999981116993462
sub-010015,post-ses-02-run-02-acq-AP,-6.7022257,5.5107837,9.827563,-2.0,1.0,-0.2,-0.625,0.2857142857142857,-2.0,0.5882352941176471,-1.1428571428571428,-0.5263157894736842,-0.375,0.5714285714285714,Set A,0.9999929183965808
sub-010015,post-ses-02-run-02-acq-PA,-5.3790317,6.9884396,10.228269,-1.6,1.2857142857142858,-0.2,0.375,0.2857142857142857,-1.6,0.5882352941176471,-2.0,0.42105263157894735,-0.625,-0.2857142857142857,Set A,0.9999867687583643
sub-010016,post-ses-02-run-01-acq-AP,-5.768276,6.3452125,-7.409071,-1.0,1.0,0.2,0.875,0.5714285714285714,1.2,1.1764705882352942,0.8571428571428571,-0.21052631578947367,0.625,0.8571428571428571,Set B,0.9489004080847802
sub-010016,post-ses-02-run-01-acq-PA,-2.8206196,5.7176423,-4.3824043,-0.2,0.7142857142857143,0.0,-0.375,1.0,0.4,0.8235294117647058,0.8571428571428571,-0.5263157894736842,-0.625,0.5714285714285714,Set B,0.9188704212698178
sub-010016,post-ses-02-run-02-acq-AP,-10.2085285,9.4788,3.5674274,-1.2,1.1428571428571428,0.4,0.375,1.1428571428571428,-0.2,1.1764705882352942,0.0,1.0526315789473684,1.0,1.0,Set A,0.8813475150249355
sub-010016,post-ses-02-run-02-acq-PA,-5.6980705,7.9909706,-8.987478,-1.2,1.4285714285714286,1.4,0.5,1.2857142857142858,1.2,1.1764705882352942,0.2857142857142857,1.0526315789473684,0.75,1.0,Set B,0.8141374826944102
sub-010094,post-ses-02-run-01-acq-PA,8.582819,6.043245,0.7846692,0.8,1.0,0.0,0.375,0.42857142857142855,1.0,-0.5882352941176471,-1.1428571428571428,0.3157894736842105,-1.25,-0.5714285714285714,Set B,0.9410713867462737
sub-010094,post-ses-02-run-02-acq-AP,-4.7112136,-1.4256505,7.582521,-0.2,0.8571428571428571,-1.8,-0.5,-0.42857142857142855,0.0,0.5882352941176471,-1.4285714285714286,-0.42105263157894735,-0.75,-0.14285714285714285,Set A,0.9963613018108911
sub-010096,post-ses-02-run-01-acq-AP,-1.8691572,6.795383,13.332395,-2.6,1.7142857142857142,1.4,-1.0,-1.5714285714285714,-1.8,-0.5882352941176471,-0.5714285714285714,-0.42105263157894735,-1.0,-0.5714285714285714,Set A,0.999996930163554
sub-010096,post-ses-02-run-01-acq-PA,-2.271442,4.9378033,12.905648,-2.0,1.1428571428571428,-0.6,-0.625,-1.0,-2.6,0.0,0.14285714285714285,0.8421052631578947,-1.5,-1.1428571428571428,Set A,0.9999997667079796
sub-010096,post-ses-02-run-02-acq-AP,-1.9630213,5.9553022,13.200629,-2.4,0.5714285714285714,0.6,-1.125,-1.1428571428571428,-2.0,0.9411764705882353,0.42857142857142855,-0.8421052631578947,-1.5,-1.1428571428571428,Set A,0.9999959504827195
sub-010096,post-ses-02-run-02-acq-PA,4.3567243,8.892216,-0.91469914,-0.2,1.2857142857142858,0.4,-1.125,0.2857142857142857,0.4,-0.8235294117647058,-1.8571428571428572,-1.0526315789473684,-0.5,-0.2857142857142857,Set A,0.8237266952674706
sub-010017,post-ses-02-run-01-acq-AP,-6.1095967,0.5918146,3.9200056,-0.4,0.7142857142857143,-1.2,0.375,0.0,-0.4,0.35294117647058826,-0.14285714285714285,-0.3157894736842105,-0.5,0.0,Set A,0.8615856550117998
sub-010017,post-ses-02-run-01-acq-PA,-5.072474,3.9099853,9.187082,-1.0,0.8571428571428571,-1.0,0.25,0.0,-1.6,0.35294117647058826,-0.7142857142857143,0.21052631578947367,-0.5,0.5714285714285714,Set A,0.9995181442932024
sub-010017,post-ses-02-run-02-acq-AP,-3.1837318,0.53710204,10.201019,-0.2,1.0,-1.6,0.0,0.14285714285714285,-1.6,0.47058823529411764,-0.14285714285714285,0.10526315789473684,-0.875,-0.2857142857142857,Set A,0.9991813745054409
sub-010017,post-ses-02-run-02-acq-PA,-6.0567975,1.44348,-5.533348,-0.2,0.5714285714285714,-0.2,0.5,0.14285714285714285,0.2,-0.23529411764705882,0.14285714285714285,-0.42105263157894735,0.375,0.8571428571428571,Set B,0.9655538474787593
sub-010097,post-ses-02-run-01-acq-AP,12.192945,-0.25298285,4.452838,0.4,-0.14285714285714285,0.4,0.5,0.2857142857142857,-1.6,0.8235294117647058,0.7142857142857143,0.9473684210526315,0.75,-0.42857142857142855,Ambiguous,0.6759181630452755
sub-010097,post-ses-02-run-01-acq-PA,11.672967,-0.60861593,4.9008536,0.4,-0.14285714285714285,0.2,0.5,0.2857142857142857,-1.6,0.5882352941176471,0.5714285714285714,0.8421052631578947,0.5,-0.7142857142857143,Ambiguous,0.6196347723659418
sub-010097,post-ses-02-run-02-acq-AP,11.225554,-0.7160284,4.2533855,0.4,0.14285714285714285,0.0,0.25,0.2857142857142857,-1.6,0.47058823529411764,0.5714285714285714,0.7368421052631579,0.5,-0.8571428571428571,Ambiguous,0.5079043656493084
sub-010097,post-ses-02-run-02-acq-PA,11.439768,-1.7381222,4.241588,-0.2,0.14285714285714285,-0.2,0.375,-0.42857142857142855,-1.4,0.35294117647058826,0.5714285714285714,0.5263157894736842,0.75,-0.8571428571428571,Ambiguous,0.6185416070642964
sub-010098,post-ses-02-run-01-acq-AP,-8.503922,2.802323,2.394139,-1.6,1.1428571428571428,-1.8,0.75,1.1428571428571428,0.4,0.5882352941176471,-0.14285714285714285,-0.7368421052631579,0.875,0.7142857142857143,Set A,0.9951466971930037
sub-010098,post-ses-02-run-01-acq-PA,-1.4378643,0.8328194,-6.0046616,0.4,1.2857142857142858,0.2,1.125,-0.8571428571428571,1.0,-0.23529411764705882,0.5714285714285714,-0.631578947368421,0.875,-0.8571428571428571,Set B,0.9976533212051815
sub-010098,post-ses-02-run-02-acq-AP,5.096881,-9.317282,-0.564484,0.8,0.0,0.8,-0.25,-1.0,0.6,-0.9411764705882353,0.14285714285714285,-0.631578947368421,-0.75,-0.7142857142857143,Set B,0.9981754906989212
sub-010098,post-ses-02-run-02-acq-PA,14.267598,-1.0185274,-4.300541,-0.4,-0.2857142857142857,0.6,0.75,0.8571428571428571,0.8,0.23529411764705882,0.42857142857142855,-0.8421052631578947,-1.125,-0.8571428571428571,Set B,0.9876260272084686
sub-010099,post-ses-02-run-01-acq-AP,4.90593,-1.9607965,-2.6130776,-0.2,-0.14285714285714285,0.2,-0.5,-0.42857142857142855,0.4,0.47058823529411764,0.14285714285714285,0.42105263157894735,0.125,-0.7142857142857143,Set B,0.9793875881104116
sub-010099,post-ses-02-run-01-acq-PA,3.1822612,1.426571,1.8998163,-0.6,0.14285714285714285,-0.2,-0.625,0.5714285714285714,-0.4,0.23529411764705882,-0.2857142857142857,0.3157894736842105,-0.125,-0.5714285714285714,Ambiguous,0.5569837908921662
sub-010099,post-ses-02-run-02-acq-AP,-6.0977755,-0.5409935,8.651268,-1.2,0.2857142857142857,-1.2,-0.5,0.0,-0.4,0.23529411764705882,-0.8571428571428571,0.21052631578947367,-0.75,-0.5714285714285714,Set A,0.9953082377096049
sub-010099,post-ses-02-run-02-acq-PA,-5.175408,7.2581663,3.491289,-1.0,0.8571428571428571,-0.4,-0.5,0.14285714285714285,-0.2,0.35294117647058826,-0.2857142857142857,-0.21052631578947367,-0.625,0.5714285714285714,Set A,0.8974397205514646
sub-010101,post-ses-02-run-01-acq-AP,-8.569388,-6.596389,-0.25187403,0.8,-0.42857142857142855,-1.2,1.0,0.14285714285714285,0.8,-0.8235294117647058,0.2857142857142857,-0.3157894736842105,0.0,-0.14285714285714285,Set B,0.9935694000668199
sub-010101,post-ses-02-run-01-acq-PA,4.614304,-4.2379894,-7.742752,0.2,-0.42857142857142855,0.8,-0.375,-0.42857142857142855,0.2,-0.35294117647058826,0.14285714285714285,0.21052631578947367,0.375,0.14285714285714285,Set B,0.9975160205888151
sub-010101,post-ses-02-run-02-acq-AP,5.8182607,-1.4512335,-3.1393652,-0.4,0.0,0.2,-0.125,-0.8571428571428571,0.0,0.7058823529411765,-0.14285714285714285,0.10526315789473684,0.25,-0.7142857142857143,Set B,0.902495169261384
sub-010101,post-ses-02-run-02-acq-PA,-7.66336,6.951083,3.337745,-1.2,1.1428571428571428,-0.6,0.125,0.42857142857142855,-0.2,0.47058823529411764,-0.2857142857142857,0.3157894736842105,0.125,0.8571428571428571,Set A,0.9436012039597917
sub-010102,post-ses-02-run-01-acq-AP,5.424279,-4.9258146,-3.6290717,0.2,-0.14285714285714285,-0.2,-0.375,-0.2857142857142857,-0.2,0.47058823529411764,0.42857142857142855,-0.42105263157894735,0.375,-0.14285714285714285,Set B,0.9710894005892251
sub-010102,post-ses-02-run-01-acq-PA,3.3304393,-0.30955163,-0.4157904,0.0,0.0,0.2,-0.25,0.0,0.0,-0.11764705882352941,-0.14285714285714285,0.3157894736842105,0.0,0.0,Set B,0.975659016000934
sub-010102,post-ses-02-run-02-acq-AP,-8.782209,4.7724185,5.810706,-0.4,0.8571428571428571,0.0,-0.625,0.42857142857142855,-0.6,0.35294117647058826,-0.14285714285714285,0.42105263157894735,0.375,0.5714285714285714,Ambiguous,0.5836190594460358
sub-010102,post-ses-02-run-02-acq-PA,3.937016,-0.101837814,-0.013546378,0.2,0.14285714285714285,-0.2,-0.5,0.0,-0.2,-0.11764705882352941,0.0,0.42105263157894735,0.125,0.0,Set B,0.9448564621996688
sub-010103,post-ses-02-run-01-acq-AP,-6.1032085,3.7873356,6.209794,-0.4,0.5714285714285714,-0.4,-0.25,0.14285714285714285,-0.8,0.23529411764705882,-1.1428571428571428,0.3157894736842105,0.0,0.42857142857142855,Set A,0.9329470345587012
sub-010103,post-ses-02-run-01-acq-PA,-6.586527,3.1186137,7.3602138,-0.2,0.8571428571428571,-1.0,-0.25,0.14285714285714285,-1.2,0.23529411764705882,-1.0,0.3157894736842105,0.125,0.7142857142857143,Set A,0.9917343048869857
sub-010103,post-ses-02-run-02-acq-AP,-6.476003,4.5584593,5.6788845,-0.4,0.8571428571428571,-0.4,-0.125,0.14285714285714285,-0.6,0.35294117647058826,-0.8571428571428571,0.21052631578947367,0.0,0.5714285714285714,Set A,0.8680033379865296
sub-010103,post-ses-02-run-02-acq-PA,-6.9849076,4.3407164,5.998749,-0.4,0.8571428571428571,-0.4,-0.125,0.14285714285714285,-0.6,0.35294117647058826,-0.8571428571428571,0.21052631578947367,0.125,0.5714285714285714,Set A,0.8576871344655352
sub-010105,post-ses-02-run-01-acq-AP,-7.908844,-7.719313,-1.8896779,1.2,-0.7142857142857143,-1.2,0.75,0.2857142857142857,1.0,0.35294117647058826,0.0,0.631578947368421,-0.25,-0.2857142857142857,Set B,0.9908705377452959
sub-010105,post-ses-02-run-02-acq-AP,3.4766045,4.2333865,3.8721502,-0.6,0.5714285714285714,-0.2,0.25,0.2857142857142857,-0.4,0.23529411764705882,-0.5714285714285714,0.0,-1.5,-0.7142857142857143,Set A,0.8933770407443999
sub-010105,post-ses-02-run-02-acq-PA,5.2082357,4.9273663,2.3958414,0.8,0.0,0.6,-1.125,0.42857142857142855,-0.8,0.7058823529411765,-1.1428571428571428,0.42105263157894735,-1.25,-0.14285714285714285,Ambiguous,0.7606747693588237
sub-010106,post-ses-02-run-01-acq-PA,-8.24424,9.838768,2.3376606,-1.6,1.2857142857142858,0.0,-0.375,0.7142857142857143,-0.2,1.1764705882352942,-0.2857142857142857,0.21052631578947367,0.375,-0.14285714285714285,Set A,0.9750675262296906
sub-010106,post-ses-02-run-02-acq-PA,5.4682026,2.9920902,2.6971197,0.4,0.8571428571428571,0.8,-0.875,0.42857142857142855,0.2,0.35294117647058826,-0.14285714285714285,0.7368421052631579,-0.875,-1.0,Set B,0.9265848640983728
sub-010107,post-ses-02-run-01-acq-AP,-1.9273986,-4.064989,-11.870446,0.8,-0.5714285714285714,1.4,0.0,1.2857142857142858,1.2,0.0,0.8571428571428571,1.0526315789473684,1.0,0.2857142857142857,Set B,0.9998972911383175
sub-010107,post-ses-02-run-01-acq-PA,0.24617772,-2.7042863,-13.295961,1.4,0.14285714285714285,1.0,1.25,0.5714285714285714,0.6,0.0,0.8571428571428571,0.5263157894736842,0.25,0.2857142857142857,Set B,0.9998673967651133
sub-010107,post-ses-02-run-02-acq-AP,0.6959862,-3.773076,6.629939,-0.6,-0.42857142857142855,-0.6,0.0,-0.14285714285714285,-0.8,-0.35294117647058826,-0.5714285714285714,0.0,-1.375,-0.14285714285714285,Set A,0.9432292488038453
sub-010107,post-ses-02-run-02-acq-PA,-4.305252,2.7466047,11.443597,-1.6,0.2857142857142857,-1.6,-0.25,-0.14285714285714285,-1.8,-0.11764705882352941,-1.1428571428571428,0.0,-1.375,-0.14285714285714285,Set A,0.9999971004181463
sub-010108,post-ses-02-run-01-acq-AP,-0.82681614,-4.595086,-14.0756035,1.4,-0.7142857142857143,0.4,1.25,1.0,1.2,-0.9411764705882353,0.42857142857142855,1.0526315789473684,0.375,0.2857142857142857,Set B,0.9998543904209515
sub-010108,post-ses-02-run-01-acq-PA,-0.98700696,-0.9328981,-12.94991,1.4,1.1428571428571428,1.4,1.25,0.7142857142857143,1.0,0.35294117647058826,0.2857142857142857,0.9473684210526315,0.375,-0.2857142857142857,Set B,0.9996423241756465
sub-010108,post-ses-02-run-02-acq-AP,-1.2264456,0.24803108,-12.676652,0.8,1.1428571428571428,0.8,0.625,0.8571428571428571,1.2,0.9411764705882353,0.14285714285714285,1.0526315789473684,0.5,0.42857142857142855,Set B,0.9978535207396111
sub-010108,post-ses-02-run-02-acq-PA,0.6656849,1.6497726,-10.018533,0.6,1.0,-0.8,0.625,0.7142857142857143,1.0,0.35294117647058826,-0.14285714285714285,1.0526315789473684,0.5,-0.2857142857142857,Set B,0.9693488217751159
sub-010018,post-ses-02-run-01-acq-AP,8.427656,-5.45255,-6.385749,0.0,0.14285714285714285,0.8,-0.5,0.0,0.6,-0.47058823529411764,0.7142857142857143,-0.631578947368421,0.75,-0.5714285714285714,Set B,0.9988902155821687
sub-010018,post-ses-02-run-01-acq-PA,7.902946,-6.67038,2.263908,-0.4,0.0,0.4,-0.625,-1.0,-0.2,-0.47058823529411764,0.42857142857142855,-0.8421052631578947,-0.5,0.42857142857142855,Set B,0.9009596591044351
sub-010018,post-ses-02-run-02-acq-AP,7.8518605,-8.473529,1.3568051,-0.2,0.2857142857142857,-0.2,-0.875,-0.42857142857142855,0.8,-0.7058823529411765,0.5714285714285714,-0.7368421052631579,-0.625,0.42857142857142855,Set B,0.9727030538187795
sub-010018,post-ses-02-run-02-acq-PA,-1.9683406,8.533366,3.7985423,-1.0,0.8571428571428571,0.0,-1.0,-0.7142857142857143,0.0,0.35294117647058826,0.5714285714285714,-0.9473684210526315,-0.625,0.5714285714285714,Ambiguous,0.7107725287690927
sub-010111,post-ses-02-run-01-acq-AP,-7.878324,-3.3606563,1.9080298,0.2,-0.2857142857142857,-1.6,1.0,0.0,-0.2,0.35294117647058826,0.14285714285714285,0.10526315789473684,0.25,-0.7142857142857143,Ambiguous,0.6016287952486661
sub-010111,post-ses-02-run-01-acq-PA,-8.419313,-2.690987,1.9630233,-0.4,-0.2857142857142857,-1.6,0.5,0.14285714285714285,0.4,0.5882352941176471,0.0,0.21052631578947367,0.125,-0.7142857142857143,Ambiguous,0.5147547517539662
sub-010111,post-ses-02-run-02-acq-AP,-7.026541,0.025076037,3.2369084,-0.6,0.5714285714285714,-1.2,0.875,0.0,0.0,0.9411764705882353,0.42857142857142855,-0.3157894736842105,-0.625,-0.42857142857142855,Ambiguous,0.7660605763417913
sub-010111,post-ses-02-run-02-acq-PA,-7.926769,0.21424116,-1.8599203,0.0,-0.2857142857142857,-1.0,1.0,0.14285714285714285,0.0,-0.35294117647058826,0.5714285714285714,-0.10526315789473684,-1.125,0.5714285714285714,Ambiguous,0.7965250096502849
sub-010112,post-ses-02-run-01-acq-AP,-1.6713767,9.089467,-8.845357,-0.4,0.42857142857142855,1.2,0.5,0.2857142857142857,0.6,0.23529411764705882,-1.0,0.3157894736842105,-0.625,0.0,Set B,0.9574305035199663
sub-010112,post-ses-02-run-01-acq-PA,-7.3191633,1.3734351,-0.49839944,-0.8,0.7142857142857143,-1.2,0.375,0.14285714285714285,0.4,-0.35294117647058826,0.0,-0.21052631578947367,-1.125,0.7142857142857143,Set A,0.8172219810630965
sub-010112,post-ses-02-run-02-acq-AP,3.8501248,8.4760895,3.4301903,-0.4,0.8571428571428571,-0.2,0.625,-0.7142857142857143,-0.2,0.11764705882352941,-0.7142857142857143,0.42105263157894735,-1.0,0.0,Ambiguous,0.7380041619497495
sub-010113,post-ses-02-run-01-acq-AP,8.669747,0.77701527,-4.7754917,1.0,-0.2857142857142857,0.4,0.75,-0.8571428571428571,1.2,0.8235294117647058,-0.5714285714285714,0.0,-0.25,-0.42857142857142855,Set B,0.9984967530033586
sub-010113,post-ses-02-run-01-acq-PA,7.7554493,1.7641934,-4.574087,0.2,-0.2857142857142857,0.4,0.0,-0.7142857142857143,1.0,0.47058823529411764,-0.5714285714285714,0.3157894736842105,0.5,-0.42857142857142855,Set B,0.996374924629917
sub-010113,post-ses-02-run-02-acq-AP,-1.851018,-3.6360002,-9.076289,0.4,-0.7142857142857143,1.2,0.25,-0.14285714285714285,1.0,0.0,0.5714285714285714,0.9473684210526315,0.25,-0.7142857142857143,Set B,0.9997716586459389
sub-010113,post-ses-02-run-02-acq-PA,7.5267897,2.1237488,-6.8770804,0.6,-0.7142857142857143,1.2,-0.25,0.14285714285714285,1.0,0.23529411764705882,-0.5714285714285714,0.9473684210526315,0.25,-1.0,Set B,0.9988483260185044
sub-010115,post-ses-02-run-01-acq-AP,-9.734172,-5.488181,3.3305807,-0.2,0.42857142857142855,-2.2,0.375,0.0,0.2,0.35294117647058826,0.2857142857142857,0.7368421052631579,0.75,0.5714285714285714,Set A,0.8603951900013294
sub-010115,post-ses-02-run-01-acq-PA,-7.3802085,-7.491989,7.4147973,0.2,-0.5714285714285714,-1.8,-0.5,-1.1428571428571428,-1.2,0.23529411764705882,-1.0,0.9473684210526315,0.75,0.5714285714285714,Set A,0.9972057635050694
sub-010115,post-ses-02-run-02-acq-AP,3.3114789,8.741074,3.6480463,-0.6,0.7142857142857143,0.0,0.25,-1.2857142857142858,-0.4,0.47058823529411764,-1.0,0.7368421052631579,-0.625,0.0,Set A,0.9199468035343588
sub-010115,post-ses-02-run-02-acq-PA,-1.2457429,-4.6236925,-4.4569554,0.0,-0.14285714285714285,-0.2,0.375,-1.0,0.0,0.11764705882352941,0.5714285714285714,0.8421052631578947,0.5,0.2857142857142857,Set B,0.9724952032401485
sub-010116,post-ses-02-run-01-acq-AP,-11.792652,4.065618,7.120596,1.4,1.0,1.4,-0.875,0.8571428571428571,-0.6,0.9411764705882353,-1.7142857142857142,1.0526315789473684,0.75,0.14285714285714285,Ambiguous,0.5397540628166015
sub-010116,post-ses-02-run-01-acq-PA,0.17768447,-0.47524378,-15.119532,1.2,1.4285714285714286,0.8,1.0,0.14285714285714285,0.6,-0.47058823529411764,0.14285714285714285,0.8421052631578947,0.75,1.2857142857142858,Set B,0.9975273897195217
sub-010116,post-ses-02-run-02-acq-AP,1.7787809,-0.34420776,-14.933821,1.0,0.8571428571428571,1.0,-0.25,0.8571428571428571,1.0,-0.35294117647058826,0.5714285714285714,0.42105263157894735,0.75,1.5714285714285714,Set B,0.9993062003378147
sub-010116,post-ses-02-run-02-acq-PA,-4.227488,3.298409,-8.634053,0.2,0.2857142857142857,0.4,0.5,0.5714285714285714,0.4,0.47058823529411764,0.42857142857142855,-0.42105263157894735,0.5,1.0,Set B,0.995867361658315
sub-010117,post-ses-02-run-01-acq-AP,6.7040105,-4.0304446,-12.899,-0.2,-0.5714285714285714,0.6,0.125,-0.8571428571428571,1.2,0.8235294117647058,0.8571428571428571,-1.0526315789473684,0.375,0.14285714285714285,Set B,0.9987144514307045
sub-010117,post-ses-02-run-01-acq-PA,-6.7429657,-2.3655634,12.751837,-0.2,-0.8571428571428571,-0.2,0.375,-0.7142857142857143,0.0,1.1764705882352942,-1.4285714285714286,0.5263157894736842,-1.0,-0.7142857142857143,Set A,0.841608669530752
sub-010117,post-ses-02-run-02-acq-AP,-6.713276,-2.103241,10.5462885,-0.6,-0.8571428571428571,-1.8,-0.25,-0.42857142857142855,-0.2,0.9411764705882353,-1.2857142857142858,0.3157894736842105,-0.875,-0.5714285714285714,Set A,0.9976679310761492
sub-010117,post-ses-02-run-02-acq-PA,-9.405707,-2.6596339,6.099662,0.4,-0.2857142857142857,-1.4,0.875,0.0,-2.0,0.35294117647058826,-0.5714285714285714,0.3157894736842105,0.625,0.8571428571428571,Set A,0.9947296135992938
sub-010118,post-ses-02-run-01-acq-AP,3.9349594,1.8546609,-8.133537,1.4,-0.8571428571428571,-0.2,0.625,0.14285714285714285,0.8,0.35294117647058826,-0.2857142857142857,0.7368421052631579,0.875,-0.2857142857142857,Set B,0.9989805382762604
sub-010118,post-ses-02-run-01-acq-PA,0.5732598,-8.309125,-4.9084992,1.4,-0.8571428571428571,-0.2,1.125,0.2857142857142857,0.0,-0.5882352941176471,0.5714285714285714,-0.7368421052631579,0.25,-0.7142857142857143,Set B,0.9986558289500062
sub-010118,post-ses-02-run-02-acq-AP,-7.325611,-3.9431345,0.5148582,1.0,-0.42857142857142855,-1.6,0.875,0.42857142857142855,-0.2,0.23529411764705882,0.42857142857142855,-0.9473684210526315,0.0,-1.0,Set B,0.8336283113758156
sub-010118,post-ses-02-run-02-acq-PA,1.368903,-9.0004,-5.8307843,1.4,-0.8571428571428571,0.2,0.125,0.5714285714285714,0.2,-0.7058823529411765,0.42857142857142855,-1.0526315789473684,-0.875,-1.0,Set B,0.9977063375577648
sub-010120,post-ses-02-run-01-acq-PA,-8.353626,-4.675458,-0.29790422,-0.2,-0.5714285714285714,-1.6,1.125,0.2857142857142857,0.2,-0.8235294117647058,0.7142857142857143,-0.5263157894736842,0.125,-1.0,Ambiguous,0.7949921064247374
sub-010120,post-ses-02-run-02-acq-AP,-10.404903,-7.154363,-0.2480714,1.2,-0.7142857142857143,-2.2,1.125,1.0,1.0,-1.0588235294117647,0.7142857142857143,-0.631578947368421,0.75,0.2857142857142857,Set B,0.965392645870483
sub-010121,post-ses-02-run-01-acq-AP,-9.949791,-6.3450456,1.8602324,0.4,-0.5714285714285714,-2.4,1.0,0.2857142857142857,1.0,0.23529411764705882,0.42857142857142855,0.3157894736842105,0.625,1.0,Ambiguous,0.7006678661590571
sub-010121,post-ses-02-run-01-acq-PA,-6.0875177,1.6426216,10.272148,-1.0,0.42857142857142855,-2.4,0.75,0.5714285714285714,-1.2,0.35294117647058826,-1.4285714285714286,0.42105263157894735,-0.375,0.0,Set A,0.9999844481431927
sub-010121,post-ses-02-run-02-acq-AP,-7.777395,-4.039348,4.4961133,0.4,-0.2857142857142857,-1.4,0.75,0.14285714285714285,-0.6,-0.23529411764705882,-0.7142857142857143,0.631578947368421,0.5,0.0,Ambiguous,0.6519737267165924
sub-010121,post-ses-02-run-02-acq-PA,-9.003046,-7.002588,0.5609814,0.4,-0.14285714285714285,-1.4,1.125,0.2857142857142857,0.8,-0.7058823529411765,0.5714285714285714,0.21052631578947367,0.25,0.7142857142857143,Set B,0.9791331762853719
sub-010122,post-ses-02-run-01-acq-PA,-5.578474,1.7823209,6.5000143,-0.6,0.42857142857142855,-1.2,0.0,0.0,-0.6,0.11764705882352941,-0.7142857142857143,-0.10526315789473684,0.0,0.5714285714285714,Set A,0.9568435209414093
sub-010122,post-ses-02-run-02-acq-AP,-4.4648576,3.352306,-1.0665386,0.0,0.7142857142857143,-0.2,0.375,0.14285714285714285,0.4,0.23529411764705882,0.0,0.10526315789473684,-0.5,0.42857142857142855,Set B,0.9545179815989551
sub-010122,post-ses-02-run-02-acq-PA,-1.8281697,8.994674,-5.1910267,-0.4,0.7142857142857143,0.4,-0.25,-0.2857142857142857,0.4,0.23529411764705882,-0.42857142857142855,0.42105263157894735,0.25,0.7142857142857143,Set B,0.9313615910993003
sub-010123,post-ses-02-run-01-acq-AP,-3.122205,4.528668,2.6166577,0.0,0.7142857142857143,-0.4,-0.125,-0.5714285714285714,-0.2,0.23529411764705882,-0.42857142857142855,-0.21052631578947367,-0.375,0.7142857142857143,Ambiguous,0.6093308863581809
sub-010123,post-ses-02-run-01-acq-PA,-3.2616594,5.453077,2.900536,-0.4,0.7142857142857143,0.0,-0.125,-0.2857142857142857,-0.6,0.23529411764705882,-0.2857142857142857,-0.3157894736842105,-0.375,0.7142857142857143,Ambiguous,0.5828915823550012
sub-010123,post-ses-02-run-02-acq-AP,-3.9555643,1.6771286,3.5955918,-0.6,0.42857142857142855,-1.0,-0.75,0.0,0.0,-0.11764705882352941,-0.14285714285714285,-0.5263157894736842,-0.375,0.42857142857142855,Ambiguous,0.7347373869975995
sub-010123,post-ses-02-run-02-acq-PA,7.264506,-6.088778,0.40469712,0.2,0.2857142857142857,0.2,-0.375,-0.42857142857142855,-0.2,-0.7058823529411765,-0.2857142857142857,-0.5263157894736842,-0.375,0.14285714285714285,Set B,0.9477010076576147
sub-010124,post-ses-02-run-01-acq-AP,3.472866,-1.3843627,-3.6981683,-0.8,-0.7142857142857143,0.0,0.25,-0.42857142857142855,0.6,0.23529411764705882,0.42857142857142855,-0.10526315789473684,0.0,-0.5714285714285714,Set B,0.9789017009265502
sub-010124,post-ses-02-run-01-acq-PA,-3.53791,-2.3632758,2.5699258,-0.6,-0.8571428571428571,-1.8,-0.375,0.8571428571428571,-0.4,0.7058823529411765,-0.42857142857142855,-0.7368421052631579,0.25,0.7142857142857143,Set A,0.9821326971083855
sub-010124,post-ses-02-run-02-acq-AP,-3.1793616,4.5166054,-8.63323,0.0,0.42857142857142855,0.2,-0.125,0.42857142857142855,0.6,0.35294117647058826,0.14285714285714285,-0.21052631578947367,0.5,0.5714285714285714,Set B,0.9929053618867293
sub-010125,post-ses-02-run-01-acq-AP,-9.242212,6.2806487,3.0419838,-2.2,1.4285714285714286,-1.4,0.0,0.7142857142857143,-0.8,-1.0588235294117647,0.42857142857142855,0.7368421052631579,0.875,1.5714285714285714,Set A,0.9999075122837601
sub-010125,post-ses-02-run-01-acq-PA,-4.4640055,9.788182,-3.707753,-1.6,1.7142857142857142,0.8,0.5,-0.2857142857142857,0.8,-0.8235294117647058,-0.14285714285714285,0.631578947368421,0.75,1.2857142857142858,Ambiguous,0.5167114769717923
sub-010125,post-ses-02-run-02-acq-AP,-2.721271,11.153652,-4.4908543,-1.4,0.42857142857142855,1.2,-0.375,0.5714285714285714,0.2,-0.47058823529411764,-0.14285714285714285,0.9473684210526315,0.75,0.2857142857142857,Set B,0.8131492550319638
sub-010125,post-ses-02-run-02-acq-PA,-5.6594234,3.296243,12.006631,-2.2,0.0,-2.2,-0.625,1.1428571428571428,-2.2,1.0588235294117647,-1.5714285714285714,0.9473684210526315,-1.125,0.42857142857142855,Set A,0.9999999987920908
sub-010126,post-ses-02-run-01-acq-AP,7.4775863,2.3270566,-4.8176312,0.8,-0.42857142857142855,0.4,-0.5,-0.42857142857142855,0.8,0.5882352941176471,-1.0,0.21052631578947367,0.25,-0.42857142857142855,Set B,0.9939959195488783
sub-010126,post-ses-02-run-01-acq-PA,4.9040565,2.699051,-5.023701,0.4,-0.14285714285714285,0.0,-0.375,1.0,0.8,0.5882352941176471,-1.0,0.21052631578947367,0.5,-0.42857142857142855,Set B,0.9780147172153242
sub-010126,post-ses-02-run-02-acq-AP,6.0745745,3.6065445,-0.9361473,0.2,-0.14285714285714285,0.4,-0.125,0.0,0.0,0.23529411764705882,-1.0,0.5263157894736842,-0.25,-0.5714285714285714,Set B,0.9292384575586824
sub-010126,post-ses-02-run-02-acq-PA,5.9240527,3.7728202,-9.128728,0.8,-0.7142857142857143,1.0,1.0,0.5714285714285714,-0.2,0.35294117647058826,-1.0,0.5263157894736842,0.25,-0.42857142857142855,Set B,0.9885717039319798
sub-010127,post-ses-02-run-02-acq-PA,1.1196104,-7.397081,-10.656042,0.8,-0.7142857142857143,0.0,0.25,-1.1428571428571428,1.0,-0.9411764705882353,0.0,0.42105263157894735,0.75,0.5714285714285714,Set B,0.9991024009284213
sub-010128,post-ses-02-run-02-acq-AP,11.086016,-3.4752553,-6.7285476,-0.6,0.5714285714285714,1.0,-0.25,0.14285714285714285,-0.8,0.0,0.8571428571428571,-1.0526315789473684,0.125,0.2857142857142857,Set B,0.8634309404178673
sub-010129,post-ses-02-run-01-acq-AP,1.6558012,3.7971845,10.94129,-1.2,-0.7142857142857143,-0.4,-0.375,-1.1428571428571428,-1.6,0.0,-1.7142857142857142,-0.3157894736842105,-0.875,0.0,Set A,0.9998347464348499
sub-010129,post-ses-02-run-01-acq-PA,-1.9963566,-3.9533484,11.17573,-1.0,0.2857142857142857,-1.6,0.75,-1.2857142857142858,-0.4,-0.47058823529411764,0.0,-0.10526315789473684,-0.625,-0.5714285714285714,Set A,0.9842796524775619
sub-010129,post-ses-02-run-02-acq-AP,3.1620443,8.403995,7.7539277,-0.8,0.2857142857142857,0.6,0.375,-0.7142857142857143,-1.0,-0.23529411764705882,-1.5714285714285714,-0.10526315789473684,0.375,-0.42857142857142855,Set A,0.9176665956899371
sub-010129,post-ses-02-run-02-acq-PA,0.7125887,8.23774,4.526703,-1.4,0.14285714285714285,-0.2,-0.375,-1.0,-0.4,0.35294117647058826,-0.8571428571428571,-0.21052631578947367,0.5,0.0,Set A,0.9445131608692449
sub-010130,post-ses-02-run-01-acq-AP,-6.3935485,10.267217,6.084118,-2.2,1.8571428571428572,0.2,-0.875,0.2857142857142857,-1.4,1.1764705882352942,-0.8571428571428571,1.0526315789473684,-1.375,1.7142857142857142,Set A,0.9999995270787743
sub-010130,post-ses-02-run-01-acq-PA,-7.41529,10.964585,6.6649456,-2.6,2.0,0.4,0.25,0.42857142857142855,-0.2,0.7058823529411765,-2.0,1.0526315789473684,-1.375,1.5714285714285714,Set A,0.9999987648509745
sub-010130,post-ses-02-run-02-acq-AP,-7.763036,11.083231,6.781945,-1.8,1.8571428571428572,0.8,0.5,0.5714285714285714,0.0,0.8235294117647058,-2.0,1.0526315789473684,-0.875,1.7142857142857142,Set A,0.9998912649221057
sub-010131,post-ses-02-run-01-acq-AP,-1.7208554,0.42283073,10.855228,-0.8,0.8571428571428571,-1.8,0.125,-0.42857142857142855,-1.6,0.11764705882352941,0.42857142857142855,-0.7368421052631579,-0.375,-0.8571428571428571,Set A,0.9994797109613597
sub-010131,post-ses-02-run-01-acq-PA,6.6107802,-0.3323769,2.147358,0.2,0.0,-0.4,-0.25,0.2857142857142857,-0.4,-0.47058823529411764,0.0,0.21052631578947367,0.375,-0.8571428571428571,Set B,0.9189283591890669
sub-010131,post-ses-02-run-02-acq-AP,6.6954346,-0.2943423,2.8078926,0.2,0.0,0.0,-0.125,0.42857142857142855,-0.6,-0.47058823529411764,0.0,0.21052631578947367,0.125,-0.8571428571428571,Set B,0.9277378525807757
sub-010131,post-ses-02-run-02-acq-PA,7.5138516,0.29755408,4.185901,0.4,-0.42857142857142855,0.6,-0.125,0.7142857142857143,-1.2,-0.5882352941176471,0.0,0.3157894736842105,0.375,-1.0,Set B,0.9004128693338618
sub-010132,post-ses-02-run-01-acq-AP,3.1375556,-6.2554874,-13.738866,1.4,0.0,1.0,0.375,0.42857142857142855,1.0,-0.8235294117647058,0.8571428571428571,-0.7368421052631579,1.0,0.2857142857142857,Set B,0.9999677638838534
sub-010132,post-ses-02-run-01-acq-PA,-8.638216,-8.460429,1.7391859,0.8,-0.2857142857142857,-1.8,1.25,-1.0,0.4,-0.35294117647058826,0.8571428571428571,-0.21052631578947367,0.625,0.8571428571428571,Set B,0.9284460838143082
sub-010132,post-ses-02-run-02-acq-AP,-1.4889028,-6.2725325,-7.5118713,1.0,-0.14285714285714285,0.6,0.75,-0.5714285714285714,0.0,-0.9411764705882353,0.8571428571428571,0.42105263157894735,0.0,0.0,Set B,0.9992045786875278
sub-010132,post-ses-02-run-02-acq-PA,-8.270251,-9.322126,1.560358,1.4,-0.8571428571428571,-2.4,1.25,-1.4285714285714286,0.4,-1.1764705882352942,0.8571428571428571,-0.7368421052631579,1.0,0.5714285714285714,Ambiguous,0.7785033817087224
sub-010135,post-ses-02-run-01-acq-PA,-10.448675,-3.7496874,6.289946,1.2,-0.5714285714285714,-2.4,1.125,1.0,-2.6,-0.8235294117647058,0.7142857142857143,-0.631578947368421,0.875,1.2857142857142858,Set A,0.9996719291934583
sub-010135,post-ses-02-run-02-acq-AP,4.6890326,-10.378065,-12.193759,0.8,-0.42857142857142855,-0.2,-0.375,0.42857142857142855,0.2,-0.9411764705882353,0.2857142857142857,-0.631578947368421,0.625,1.0,Set B,0.995504039027512
sub-010135,post-ses-02-run-02-acq-PA,5.559867,-9.165075,-12.73469,1.4,-0.8571428571428571,1.4,-1.0,0.7142857142857143,0.4,-1.1764705882352942,0.7142857142857143,-0.8421052631578947,0.875,1.5714285714285714,Set B,0.9994998155859326
sub-010136,post-ses-02-run-01-acq-AP,-2.1607325,0.026220515,-0.44437167,-0.2,-0.14285714285714285,-0.2,0.25,0.5714285714285714,0.0,0.35294117647058826,0.14285714285714285,-0.42105263157894735,-0.25,0.5714285714285714,Set B,0.9386445326512247
sub-010136,post-ses-02-run-01-acq-PA,-3.4225574,-0.6410914,0.4155671,-0.4,0.14285714285714285,-0.8,0.25,0.42857142857142855,0.0,0.7058823529411765,-0.14285714285714285,-0.5263157894736842,0.125,0.5714285714285714,Ambiguous,0.6408634944275375
sub-010136,post-ses-02-run-02-acq-AP,-4.490089,2.5829108,-8.900436,0.0,0.14285714285714285,0.6,0.375,0.7142857142857143,-0.2,0.47058823529411764,0.14285714285714285,-0.3157894736842105,0.25,0.8571428571428571,Set B,0.9782650599466705
sub-010136,post-ses-02-run-02-acq-PA,-6.4422326,3.0111105,-9.906324,0.2,-0.14285714285714285,0.6,-0.75,1.0,0.0,0.23529411764705882,0.5714285714285714,-0.7368421052631579,0.0,0.7142857142857143,Set B,0.9874269461148782
sub-010137,post-ses-02-run-01-acq-AP,-0.533339,4.8828692,-12.737361,0.6,0.2857142857142857,0.2,1.25,-0.42857142857142855,1.2,0.9411764705882353,0.7142857142857143,-0.631578947368421,0.125,0.5714285714285714,Set B,0.9990503003697505
sub-010137,post-ses-02-run-01-acq-PA,-1.9859589,2.125261,-5.943577,0.2,0.7142857142857143,0.6,0.5,-0.42857142857142855,0.6,0.23529411764705882,0.2857142857142857,-0.7368421052631579,0.5,0.0,Set B,0.9978333304750129
sub-010137,post-ses-02-run-02-acq-AP,-3.6814525,6.4153824,-8.597207,-0.2,0.8571428571428571,0.6,0.25,0.7142857142857143,0.8,0.8235294117647058,-0.42857142857142855,-0.3157894736842105,0.5,0.8571428571428571,Set B,0.9767923676443865
sub-010137,post-ses-02-run-02-acq-PA,-3.3883817,5.4553194,-10.473335,0.4,0.8571428571428571,1.2,-0.5,0.42857142857142855,1.2,0.35294117647058826,0.2857142857142857,-0.8421052631578947,0.625,1.0,Set B,0.9989800274618602
sub-010141,post-ses-02-run-01-acq-PA,4.676778,-9.897007,5.356833,-0.6,-0.8571428571428571,0.8,0.125,-1.5714285714285714,1.0,-1.1764705882352942,0.7142857142857143,0.42105263157894735,-1.0,-1.0,Set B,0.98584342780661
sub-010141,post-ses-02-run-02-acq-AP,9.645775,-11.472592,-6.135059,-0.6,-0.8571428571428571,1.2,-0.375,-1.5714285714285714,0.8,-1.1764705882352942,-0.5714285714285714,0.0,0.375,-1.1428571428571428,Set B,0.9795547958572891
sub-010141,post-ses-02-run-02-acq-PA,4.4319563,-9.711292,5.391028,-0.6,-0.8571428571428571,0.2,0.625,-1.5714285714285714,0.8,-1.1764705882352942,0.2857142857142857,0.42105263157894735,-1.5,-1.1428571428571428,Set B,0.879499926263766
sub-010142,post-ses-02-run-01-acq-AP,4.805345,5.090855,-7.8856783,0.8,-0.7142857142857143,-1.2,0.25,0.42857142857142855,-0.4,0.47058823529411764,-1.4285714285714286,0.7368421052631579,0.75,-1.1428571428571428,Ambiguous,0.7604048151072943
sub-010142,post-ses-02-run-01-acq-PA,5.477672,4.436648,-8.461576,1.0,-0.8571428571428571,0.2,0.25,0.42857142857142855,-0.4,0.7058823529411765,-1.4285714285714286,0.7368421052631579,0.25,-1.1428571428571428,Set B,0.8240617664522617
sub-010142,post-ses-02-run-02-acq-AP,4.9997163,3.263936,10.092864,0.0,-0.8571428571428571,-0.4,-0.625,0.14285714285714285,-2.4,0.23529411764705882,-1.1428571428571428,0.21052631578947367,-0.125,-1.1428571428571428,Set A,0.9991040266322914
sub-010142,post-ses-02-run-02-acq-PA,2.2299733,2.9587765,12.257405,-1.2,-0.8571428571428571,-1.2,-0.625,-0.8571428571428571,-2.4,-0.23529411764705882,-1.2857142857142858,-0.21052631578947367,-0.75,-1.1428571428571428,Set A,0.9999962932168069
sub-010143,post-ses-02-run-01-acq-AP,-7.515768,1.3438535,0.9493051,-0.6,1.0,-1.8,0.5,0.14285714285714285,0.6,0.47058823529411764,-0.2857142857142857,0.21052631578947367,-0.75,0.7142857142857143,Set A,0.9518323356292266
sub-010143,post-ses-02-run-01-acq-PA,-3.2870157,1.8650221,8.2796955,-0.2,0.2857142857142857,-1.0,0.125,-0.42857142857142855,-1.4,-0.23529411764705882,-0.14285714285714285,0.3157894736842105,-0.125,0.0,Set A,0.9529173800408317
sub-010143,post-ses-02-run-02-acq-AP,-3.8627625,-7.1769524,2.1349795,0.0,0.42857142857142855,-1.6,-0.375,-0.7142857142857143,0.4,-0.5882352941176471,0.2857142857142857,0.3157894736842105,-0.625,0.8571428571428571,Ambiguous,0.5842310382872467
sub-010143,post-ses-02-run-02-acq-PA,6.3490896,-1.0258458,-3.9578931,-0.2,-0.14285714285714285,0.4,0.25,-1.1428571428571428,0.0,0.47058823529411764,-0.14285714285714285,0.3157894736842105,-0.125,-0.2857142857142857,Set B,0.951454925674641
sub-010144,post-ses-02-run-01-acq-AP,-1.2923846,1.2975283,-12.390928,0.6,0.8571428571428571,0.4,1.25,0.5714285714285714,0.6,0.8235294117647058,-0.8571428571428571,1.0526315789473684,0.375,0.7142857142857143,Set B,0.9637762686300939
sub-010144,post-ses-02-run-01-acq-PA,-0.6427417,-1.199696,-14.631692,0.8,1.0,0.6,1.25,0.14285714285714285,1.2,-0.23529411764705882,0.2857142857142857,0.631578947368421,-0.25,0.5714285714285714,Set B,0.9991268886728916
sub-010144,post-ses-02-run-02-acq-PA,2.8580432,-6.595553,1.8078512,0.0,0.0,-1.2,-0.375,-0.5714285714285714,0.2,-0.23529411764705882,0.14285714285714285,-0.3157894736842105,-1.25,-0.5714285714285714,Ambiguous,0.5132130537469586
sub-010145,post-ses-02-run-01-acq-AP,3.9351296,2.5565147,-8.08729,0.6,-0.42857142857142855,-0.4,0.75,0.2857142857142857,0.4,0.7058823529411765,-0.8571428571428571,0.8421052631578947,0.375,-0.14285714285714285,Set B,0.9635583380448709
sub-010145,post-ses-02-run-01-acq-PA,0.67125803,0.23279606,-9.007345,0.4,0.14285714285714285,0.0,0.875,0.8571428571428571,0.2,0.7058823529411765,0.2857142857142857,0.9473684210526315,0.25,-0.2857142857142857,Set B,0.9858797783081484
sub-010145,post-ses-02-run-02-acq-AP,-0.3605384,-2.7347121,-7.5539355,0.4,0.14285714285714285,0.6,0.375,-0.14285714285714285,0.4,0.23529411764705882,0.2857142857142857,0.7368421052631579,0.375,0.0,Set B,0.9981584043107942
sub-010145,post-ses-02-run-02-acq-PA,0.9002697,-1.3032424,-8.386912,0.6,-0.14285714285714285,0.6,0.0,0.8571428571428571,0.0,0.23529411764705882,0.14285714285714285,0.631578947368421,0.375,-0.14285714285714285,Set B,0.9960212658607696
sub-010147,post-ses-02-run-01-acq-AP,11.241398,4.7501435,-0.7374988,0.0,0.2857142857142857,0.8,0.375,0.0,0.8,-1.0588235294117647,-1.5714285714285714,1.0526315789473684,0.625,-1.1428571428571428,Set B,0.9583425628963468
sub-010147,post-ses-02-run-01-acq-PA,-7.3861723,-9.746452,0.50764304,1.4,-0.8571428571428571,-2.2,1.125,-1.2857142857142858,1.0,-1.0588235294117647,0.0,0.7368421052631579,1.0,-1.0,Set B,0.880829710641523
sub-010147,post-ses-02-run-02-acq-AP,-4.311613,8.331935,6.1961346,-0.6,1.0,-0.2,-0.875,0.14285714285714285,-1.4,0.5882352941176471,-0.2857142857142857,0.42105263157894735,-1.25,0.42857142857142855,Set A,0.9973087557532326
sub-010147,post-ses-02-run-02-acq-PA,11.603495,4.114288,-0.3247918,0.6,-0.2857142857142857,0.4,0.375,0.8571428571428571,0.4,-1.0588235294117647,-1.7142857142857142,0.631578947368421,0.5,-1.1428571428571428,Set B,0.9534155557951441
sub-010152,post-ses-02-run-01-acq-PA,-2.6695786,-7.9152765,4.876437,0.8,-0.5714285714285714,-1.8,-0.125,-1.0,-0.4,-0.7058823529411765,0.0,-0.5263157894736842,-0.375,-0.5714285714285714,Ambiguous,0.6150418372935104
sub-010154,post-ses-02-run-01-acq-AP,-7.8329606,-2.1297812,10.311084,0.2,-0.8571428571428571,-2.4,0.0,1.0,-0.2,0.9411764705882353,-1.8571428571428572,0.7368421052631579,-1.125,-0.42857142857142855,Set A,0.9997404941265519
sub-010154,post-ses-02-run-01-acq-PA,-4.55535,8.604908,3.5005994,-1.0,1.0,0.2,-0.875,0.0,-0.2,0.23529411764705882,-0.2857142857142857,-0.21052631578947367,-1.25,1.0,Set A,0.9398995906372695
sub-010154,post-ses-02-run-02-acq-AP,-1.6169446,-3.049851,6.4369416,0.0,-0.2857142857142857,-1.4,-0.875,0.7142857142857143,-1.4,0.0,0.0,-0.5263157894736842,-1.125,0.2857142857142857,Set A,0.9941736514299672
sub-010155,post-ses-02-run-01-acq-AP,-7.1162043,4.2422433,-1.9861453,-0.8,1.1428571428571428,-0.4,1.0,-0.2857142857142857,1.2,-0.35294117647058826,-0.42857142857142855,0.21052631578947367,0.125,0.5714285714285714,Set B,0.8642681864130521
sub-010155,post-ses-02-run-01-acq-PA,-6.0643735,4.2867107,-0.6315463,-0.4,1.0,0.0,1.0,0.0,0.2,0.11764705882352941,-0.7142857142857143,-0.10526315789473684,-0.375,0.5714285714285714,Ambiguous,0.730061093764805
sub-010155,post-ses-02-run-02-acq-AP,-5.041584,4.8342757,0.026813647,-0.4,1.0,-0.2,0.625,-0.2857142857142857,-0.2,-0.23529411764705882,0.0,0.21052631578947367,-0.5,0.5714285714285714,Ambiguous,0.6708036700254919
sub-010155,post-ses-02-run-02-acq-PA,-5.78448,3.178341,-2.4994588,-0.4,1.2857142857142858,-0.2,0.5,0.5714285714285714,0.8,-0.35294117647058826,0.14285714285714285,-0.10526315789473684,-0.5,0.42857142857142855,Set B,0.9325799904883009
sub-010156,post-ses-02-run-01-acq-AP,-0.4285739,6.547213,2.4377682,-0.6,0.42857142857142855,0.0,0.25,-1.1428571428571428,0.0,0.7058823529411765,0.0,-0.5263157894736842,0.125,0.42857142857142855,Ambiguous,0.7743838418523511
sub-010156,post-ses-02-run-01-acq-PA,0.19253345,3.882659,-5.140019,0.0,0.8571428571428571,0.2,-0.375,-0.7142857142857143,0.4,0.5882352941176471,0.42857142857142855,-0.5263157894736842,0.0,0.2857142857142857,Set B,0.9749815216277938
sub-010156,post-ses-02-run-02-acq-AP,-0.9518755,7.276687,3.9261541,-0.8,0.5714285714285714,-0.2,-0.5,-0.8571428571428571,-0.4,0.47058823529411764,-0.14285714285714285,-0.5263157894736842,-0.5,-0.14285714285714285,Ambiguous,0.7928093645494942
sub-010156,post-ses-02-run-02-acq-PA,0.98348284,4.0064425,-4.8417063,0.2,0.5714285714285714,0.4,-0.625,-0.8571428571428571,-0.2,0.5882352941176471,0.0,-0.631578947368421,0.0,0.5714285714285714,Set B,0.9196936355110218
sub-010157,post-ses-02-run-01-acq-AP,8.486243,-10.822497,-6.318225,0.4,-0.8571428571428571,1.4,-0.375,-1.4285714285714286,0.4,-1.1764705882352942,0.14285714285714285,-1.0526315789473684,0.5,-0.5714285714285714,Set B,0.9985984035468967
sub-010157,post-ses-02-run-01-acq-PA,7.6299767,-10.91603,-5.850635,0.6,-0.7142857142857143,1.4,-0.875,-1.4285714285714286,1.2,-1.1764705882352942,0.5714285714285714,-0.631578947368421,0.625,-0.42857142857142855,Set B,0.9997708665986799
sub-010157,post-ses-02-run-02-acq-AP,7.872888,-10.016407,-4.984498,0.4,-0.7142857142857143,1.4,-0.875,-1.4285714285714286,1.2,0.0,0.42857142857142855,-0.9473684210526315,0.375,-0.8571428571428571,Set B,0.999445865765999
sub-010157,post-ses-02-run-02-acq-PA,7.3431745,-6.5163345,-7.93383,0.4,-0.8571428571428571,1.2,0.0,0.5714285714285714,1.0,-0.9411764705882353,0.42857142857142855,-0.9473684210526315,0.5,-0.8571428571428571,Set B,0.9998351564642688
sub-010158,post-ses-02-run-01-acq-PA,6.677106,-10.2792425,-6.831391,1.2,-0.42857142857142855,0.6,-0.75,-0.8571428571428571,0.6,-1.0588235294117647,0.42857142857142855,-0.631578947368421,0.625,-0.5714285714285714,Set B,0.9995929088353145
sub-010158,post-ses-02-run-02-acq-AP,-0.81114274,-0.09409227,10.258873,-0.2,1.0,-1.6,0.25,-1.1428571428571428,-2.0,-0.9411764705882353,0.5714285714285714,-0.42105263157894735,0.0,-0.5714285714285714,Set A,0.9988414386505794
sub-010158,post-ses-02-run-02-acq-PA,5.9767365,-5.8232594,-2.516282,0.6,0.0,0.2,-0.5,-0.5714285714285714,-0.4,-0.23529411764705882,0.2857142857142857,-0.631578947368421,0.375,0.2857142857142857,Set B,0.9855279706500106
sub-010159,post-ses-02-run-01-acq-PA,1.3830179,-1.2945561,-2.159782,-0.2,0.0,0.0,0.125,0.2857142857142857,0.4,0.11764705882352941,-0.2857142857142857,-0.3157894736842105,0.125,-0.14285714285714285,Set B,0.9809796950260993
sub-010159,post-ses-02-run-02-acq-AP,6.0797615,-2.43655,4.034195,0.0,0.42857142857142855,0.8,0.25,0.14285714285714285,-0.4,-0.23529411764705882,0.14285714285714285,-0.3157894736842105,0.0,-0.42857142857142855,Set B,0.9817187509076545
sub-010159,post-ses-02-run-02-acq-PA,-7.10142,1.6113833,2.172011,-0.6,1.0,-1.0,0.5,0.5714285714285714,0.4,0.47058823529411764,-0.14285714285714285,-0.10526315789473684,-0.25,0.14285714285714285,Ambiguous,0.5681527367974637
sub-010161,post-ses-02-run-01-acq-AP,-5.496152,-9.168914,4.6582236,1.2,-0.7142857142857143,-2.0,-1.125,-1.2857142857142858,1.0,-0.5882352941176471,0.2857142857142857,0.7368421052631579,0.5,0.8571428571428571,Ambiguous,0.7931466490140935
sub-010161,post-ses-02-run-01-acq-PA,5.0277605,-12.325458,-6.6228294,1.2,-0.7142857142857143,0.4,-1.125,-1.0,0.8,-0.35294117647058826,0.42857142857142855,0.7368421052631579,0.25,-0.42857142857142855,Set B,0.9990308178751276
sub-010161,post-ses-02-run-02-acq-AP,-4.591711,-9.103577,4.47171,1.2,-0.2857142857142857,-2.0,-1.25,-1.2857142857142858,0.6,-0.5882352941176471,0.5714285714285714,0.631578947368421,0.375,-0.7142857142857143,Ambiguous,0.710654519589511
sub-010161,post-ses-02-run-02-acq-PA,7.964742,-1.0444032,9.497603,1.4,-0.8571428571428571,-0.2,-1.125,-0.7142857142857143,-2.2,-1.0588235294117647,0.8571428571428571,0.21052631578947367,0.5,0.42857142857142855,Ambiguous,0.7635124903162712
sub-010022,post-ses-02-run-01-acq-AP,1.713244,-10.416792,0.6828934,1.2,-0.5714285714285714,-0.4,0.25,-1.2857142857142858,0.4,0.7058823529411765,0.5714285714285714,-0.9473684210526315,-1.125,-1.0,Set B,0.978255457942849
sub-010022,post-ses-02-run-01-acq-PA,2.1541708,-10.054404,0.83176863,0.8,-0.2857142857142857,-0.4,0.125,-0.8571428571428571,0.6,0.23529411764705882,0.2857142857142857,-1.0526315789473684,-1.25,-0.8571428571428571,Set B,0.9791865981915421
sub-010022,post-ses-02-run-02-acq-AP,3.6287243,-8.945279,-8.319594,1.4,-0.2857142857142857,0.4,-0.5,0.0,1.0,-1.0588235294117647,0.7142857142857143,-0.9473684210526315,-0.625,0.2857142857142857,Set B,0.9996970442064924
sub-010162,post-ses-02-run-01-acq-AP,3.6843607,-2.0441294,-13.629816,1.4,-0.8571428571428571,1.4,0.375,0.2857142857142857,1.0,1.0588235294117647,0.2857142857142857,-0.3157894736842105,-0.125,0.5714285714285714,Set B,0.9998642604106949
sub-010162,post-ses-02-run-01-acq-PA,4.0515122,3.5177245,2.9035153,0.0,0.2857142857142857,0.2,-0.25,0.2857142857142857,-0.8,0.35294117647058826,-0.2857142857142857,0.3157894736842105,-1.0,-0.42857142857142855,Ambiguous,0.530564335765632
sub-010162,post-ses-02-run-02-acq-AP,0.2249765,4.0914392,-0.96822,0.2,-0.2857142857142857,0.6,0.625,-0.14285714285714285,0.0,0.23529411764705882,-0.14285714285714285,0.21052631578947367,-1.25,0.0,Set B,0.9707374083609263
sub-010162,post-ses-02-run-02-acq-PA,1.8714288,-4.026419,7.9656687,-0.4,-0.2857142857142857,0.2,0.5,-0.42857142857142855,-1.4,-0.23529411764705882,0.0,-0.42105263157894735,-1.5,-0.5714285714285714,Set A,0.8932858454682532
sub-010163,post-ses-02-run-01-acq-AP,1.9227196,-2.6982505,14.600983,-2.2,-0.8571428571428571,-2.4,-0.75,-1.5714285714285714,0.0,-0.7058823529411765,-0.14285714285714285,-1.0526315789473684,0.0,0.5714285714285714,Set A,0.9999395528156663
sub-010163,post-ses-02-run-01-acq-PA,2.3967443,-1.7479844,14.045217,-2.4,-0.8571428571428571,-0.8,-1.125,-1.4285714285714286,-0.4,-0.9411764705882353,-0.2857142857142857,-1.0526315789473684,-0.125,-0.14285714285714285,Set A,0.9993373989089803
sub-010163,post-ses-02-run-02-acq-AP,2.4081662,-2.1145535,13.712992,-1.2,-0.8571428571428571,-1.2,-0.875,-1.1428571428571428,-0.4,-0.7058823529411765,-0.14285714285714285,-1.0526315789473684,-0.125,0.0,Set A,0.976184427745751
sub-010163,post-ses-02-run-02-acq-PA,2.46944,-0.50691384,12.710577,-1.6,-0.5714285714285714,-1.0,-0.625,-1.0,-0.2,-0.7058823529411765,-1.4285714285714286,-0.21052631578947367,0.0,-0.8571428571428571,Set A,0.9966399594572037
sub-010164,post-ses-02-run-01-acq-AP,1.15369,9.058274,-1.8903894,0.2,0.14285714285714285,0.6,0.25,0.5714285714285714,-0.6,-0.23529411764705882,-0.5714285714285714,-0.10526315789473684,0.75,0.42857142857142855,Set B,0.9535730153339511
sub-010164,post-ses-02-run-01-acq-PA,2.9289443,-0.6534523,-11.958432,0.8,-0.2857142857142857,1.0,0.25,0.5714285714285714,0.2,0.23529411764705882,-0.42857142857142855,0.0,0.625,0.7142857142857143,Set B,0.9982679609995342
sub-010164,post-ses-02-run-02-acq-AP,0.4158516,0.1512259,0.12819201,-0.2,-0.14285714285714285,0.0,-0.375,0.0,-0.4,-0.23529411764705882,0.0,-0.21052631578947367,-0.125,0.7142857142857143,Set B,0.8827923408586019
sub-010164,post-ses-02-run-02-acq-PA,-3.3404922,-2.906447,3.427133,-0.4,-0.7142857142857143,-1.4,-0.625,0.14285714285714285,-0.4,-0.23529411764705882,0.42857142857142855,-1.0526315789473684,0.0,0.8571428571428571,Ambiguous,0.7661692119367105
sub-010165,post-ses-02-run-01-acq-PA,1.3955659,10.7553,4.064944,-1.6,0.7142857142857143,-0.6,-1.0,-0.5714285714285714,0.8,-0.7058823529411765,-1.0,0.42105263157894735,0.125,-0.2857142857142857,Set A,0.944998931749547
sub-010165,post-ses-02-run-02-acq-AP,5.3567543,7.3558097,-1.900453,0.2,0.0,1.2,-1.0,-0.14285714285714285,0.2,-0.8235294117647058,-1.1428571428571428,0.10526315789473684,0.25,0.0,Set B,0.9741377202830885
sub-010167,post-ses-02-run-01-acq-AP,1.8392807,-5.3006706,-11.22673,0.8,-0.2857142857142857,0.4,0.75,-0.42857142857142855,1.0,-0.35294117647058826,0.42857142857142855,0.3157894736842105,0.5,0.2857142857142857,Set B,0.9998075904758343
sub-010167,post-ses-02-run-01-acq-PA,5.777015,-1.8277247,-8.931548,0.4,0.2857142857142857,1.2,-0.5,0.14285714285714285,0.8,-0.23529411764705882,0.5714285714285714,0.3157894736842105,-0.25,0.42857142857142855,Set B,0.9992891249261825
sub-010167,post-ses-02-run-02-acq-AP,-2.3314912,7.5205507,-8.126227,-0.2,0.2857142857142857,1.2,-0.375,0.42857142857142855,0.8,0.5882352941176471,-0.8571428571428571,0.21052631578947367,0.5,0.5714285714285714,Set B,0.9864952908339678
sub-010167,post-ses-02-run-02-acq-PA,-10.363912,4.312437,6.9212914,0.2,0.7142857142857143,0.2,-0.375,0.7142857142857143,-1.2,0.7058823529411765,-0.8571428571428571,0.631578947368421,0.25,0.7142857142857143,Set A,0.8762017031295732
sub-010168,post-ses-02-run-01-acq-AP,7.1204247,-6.6027546,-6.942491,0.8,-0.5714285714285714,1.2,-0.625,0.42857142857142855,1.2,0.23529411764705882,0.42857142857142855,-0.7368421052631579,0.75,-0.7142857142857143,Set B,0.9998827978879964
sub-010168,post-ses-02-run-01-acq-PA,1.9852134,-2.654346,-5.4122148,0.0,0.14285714285714285,0.2,0.625,0.2857142857142857,0.6,-0.35294117647058826,0.7142857142857143,-0.3157894736842105,0.875,-0.8571428571428571,Set B,0.9984543311890315
sub-010168,post-ses-02-run-02-acq-AP,10.070117,-4.860009,-4.7996807,0.0,0.0,1.0,-0.375,1.0,-0.2,0.35294117647058826,0.5714285714285714,-0.8421052631578947,0.25,-0.8571428571428571,Set B,0.9877040712016749
sub-010168,post-ses-02-run-02-acq-PA,9.143859,-6.5917454,-4.4142084,0.4,0.0,0.4,-0.625,1.0,1.0,0.8235294117647058,0.14285714285714285,-0.631578947368421,-0.125,-0.5714285714285714,Set B,0.9962359705511536
sub-010023,post-ses-02-run-01-acq-AP,-5.5778694,5.72274,6.607324,-0.6,0.5714285714285714,-0.6,0.375,0.7142857142857143,-0.8,0.8235294117647058,-0.5714285714285714,0.42105263157894735,-0.25,0.2857142857142857,Set A,0.9520088378936915
sub-010023,post-ses-02-run-01-acq-PA,-4.5442233,4.008653,8.192753,-0.6,0.5714285714285714,-0.6,0.0,-0.14285714285714285,-1.4,0.47058823529411764,-0.5714285714285714,0.0,-0.25,0.2857142857142857,Set A,0.9871110700270579
sub-010023,post-ses-02-run-02-acq-AP,-4.9560146,6.5699534,6.8732104,-0.6,0.5714285714285714,-0.6,0.0,0.8571428571428571,-0.8,0.0,-0.5714285714285714,0.7368421052631579,-1.0,0.2857142857142857,Set A,0.9745892178055331
sub-010023,post-ses-02-run-02-acq-PA,-4.232242,-1.7458949,-0.552654,-0.6,0.0,-0.6,0.0,-0.14285714285714285,0.6,0.8235294117647058,-0.5714285714285714,0.0,0.0,0.14285714285714285,Ambiguous,0.7489903957979943
sub-010173,post-ses-02-run-01-acq-AP,-2.2721803,-5.022181,6.1176825,0.6,-0.5714285714285714,-2.2,-0.25,-0.5714285714285714,-1.6,-0.47058823529411764,0.14285714285714285,-1.0526315789473684,-0.625,0.7142857142857143,Set A,0.997068221273255
sub-010173,post-ses-02-run-01-acq-PA,7.572962,-1.9431013,10.330368,1.0,-0.7142857142857143,-0.6,-1.0,-0.7142857142857143,-1.2,-0.7058823529411765,-0.14285714285714285,0.8421052631578947,-0.875,0.42857142857142855,Ambiguous,0.7869586203693077
sub-010173,post-ses-02-run-02-acq-AP,-8.528018,6.517411,8.565833,-1.2,1.1428571428571428,-0.2,-0.625,0.7142857142857143,-2.4,0.8235294117647058,-0.42857142857142855,0.631578947368421,0.375,1.1428571428571428,Set A,0.9999692333708444
sub-010173,post-ses-02-run-02-acq-PA,-9.744174,-7.5423183,1.7869974,0.2,-0.42857142857142855,-2.2,0.875,0.14285714285714285,0.2,-0.8235294117647058,0.7142857142857143,-0.21052631578947367,0.75,1.4285714285714286,Ambiguous,0.5017584216736284
sub-010174,post-ses-02-run-01-acq-AP,9.188888,4.32331,5.563909,0.2,-0.42857142857142855,0.6,-1.0,0.5714285714285714,-1.2,0.8235294117647058,-0.14285714285714285,-1.0526315789473684,-0.625,-0.14285714285714285,Ambiguous,0.627295440396376
sub-010174,post-ses-02-run-01-acq-PA,7.332927,2.27484,0.30825776,0.0,-0.7142857142857143,-0.2,-1.0,0.2857142857142857,-0.2,-0.23529411764705882,-1.4285714285714286,-0.10526315789473684,0.0,-1.0,Ambiguous,0.5651836398976177
sub-010174,post-ses-02-run-02-acq-PA,4.716387,3.4004889,10.712925,-1.0,-0.5714285714285714,0.0,-0.75,0.5714285714285714,-1.8,0.35294117647058826,-0.8571428571428571,-0.3157894736842105,-0.75,-0.8571428571428571,Set A,0.9984737337126836
sub-010176,post-ses-02-run-01-acq-AP,5.9910226,-12.3954315,-5.941714,1.0,-0.8571428571428571,0.2,-1.25,-1.5714285714285714,1.2,-0.8235294117647058,0.8571428571428571,0.0,1.0,-0.7142857142857143,Set B,0.9992582323257417
sub-010176,post-ses-02-run-01-acq-PA,5.910891,-13.544788,-5.3017077,0.6,-0.8571428571428571,0.2,-0.625,-1.5714285714285714,1.2,-1.1764705882352942,0.8571428571428571,0.8421052631578947,1.0,-1.1428571428571428,Set B,0.998754099114061
sub-010176,post-ses-02-run-02-acq-AP,6.0470896,-13.738388,-6.270794,0.6,-0.8571428571428571,0.8,-1.25,-1.0,1.2,-1.1764705882352942,0.8571428571428571,0.8421052631578947,1.0,-1.1428571428571428,Set B,0.9993137041467167
sub-010176,post-ses-02-run-02-acq-PA,6.8877277,-13.856436,-5.6765437,0.2,0.0,0.6,-1.25,-1.5714285714285714,1.2,-1.1764705882352942,0.8571428571428571,0.7368421052631579,1.0,-1.1428571428571428,Set B,0.9964839346673485
sub-010024,post-ses-02-run-01-acq-AP,-5.821921,1.8554969,-4.989835,-0.2,0.7142857142857143,-0.2,0.625,0.14285714285714285,0.4,-0.35294117647058826,0.42857142857142855,-0.631578947368421,0.25,0.42857142857142855,Set B,0.9832151881988982
sub-010024,post-ses-02-run-01-acq-PA,7.1189966,-7.1179643,0.71701074,0.2,0.2857142857142857,0.6,-0.25,-0.42857142857142855,0.4,-0.47058823529411764,0.2857142857142857,-0.5263157894736842,-0.5,0.42857142857142855,Set B,0.9951347279825838
sub-010024,post-ses-02-run-02-acq-AP,-1.5461162,4.1801853,-2.7511206,-0.4,0.2857142857142857,0.2,0.125,0.0,0.0,0.11764705882352941,0.0,-0.5263157894736842,-0.75,0.0,Set B,0.9106344018948164
sub-010024,post-ses-02-run-02-acq-PA,-6.123244,4.21949,8.373938,-1.0,0.8571428571428571,-1.0,-0.25,0.2857142857142857,-1.2,0.35294117647058826,-0.5714285714285714,0.0,0.0,0.7142857142857143,Set A,0.9974198817838987
sub-010184,post-ses-02-run-01-acq-AP,-4.7643266,-2.249565,-1.5461037,-0.4,0.14285714285714285,-0.8,-0.5,0.2857142857142857,1.2,0.35294117647058826,0.0,0.10526315789473684,-0.5,0.0,Set B,0.9168437580961284
sub-010184,post-ses-02-run-01-acq-PA,-4.482413,5.921623,-0.77058303,-0.4,1.0,-0.2,0.0,0.14285714285714285,0.2,-0.35294117647058826,0.5714285714285714,0.5263157894736842,-0.5,0.42857142857142855,Set B,0.8793896675996755
sub-010184,post-ses-02-run-02-acq-AP,-2.5471747,11.654053,0.02700436,-0.4,0.7142857142857143,0.2,-0.625,0.42857142857142855,-0.4,-0.8235294117647058,0.2857142857142857,0.10526315789473684,-0.375,0.2857142857142857,Ambiguous,0.7767192787124739
sub-010184,post-ses-02-run-02-acq-PA,-1.1430109,-3.6792922,-5.3275623,0.2,0.2857142857142857,0.0,0.375,-0.5714285714285714,0.2,-0.35294117647058826,0.42857142857142855,0.3157894736842105,0.0,0.14285714285714285,Set B,0.9920201854758175
sub-010185,post-ses-02-run-01-acq-PA,-6.9078016,-5.449546,4.073478,0.2,0.14285714285714285,-1.4,0.5,-0.42857142857142855,0.0,-0.5882352941176471,-0.7142857142857143,0.21052631578947367,0.25,0.7142857142857143,Ambiguous,0.5137203391712853
sub-010185,post-ses-02-run-02-acq-AP,-0.03197737,9.476821,-1.7633691,0.0,0.8571428571428571,0.2,-0.125,0.2857142857142857,-0.4,-0.5882352941176471,-0.7142857142857143,0.21052631578947367,0.25,0.42857142857142855,Ambiguous,0.7945078925712923
sub-010185,post-ses-02-run-02-acq-PA,1.2227534,-2.580357,3.979882,-0.2,0.2857142857142857,-0.8,0.25,0.0,0.0,-0.9411764705882353,-0.2857142857142857,0.10526315789473684,-0.625,-0.2857142857142857,Ambiguous,0.7014376058923453
sub-010186,post-ses-02-run-01-acq-AP,0.18479314,1.0694722,-9.172301,0.6,0.8571428571428571,-0.2,0.75,0.14285714285714285,0.6,0.9411764705882353,0.5714285714285714,0.5263157894736842,0.0,-0.42857142857142855,Set B,0.9904056635251822
sub-010186,post-ses-02-run-01-acq-PA,-5.8461785,5.76492,-5.1664343,-1.0,0.8571428571428571,-0.2,0.625,0.42857142857142855,1.0,0.5882352941176471,0.42857142857142855,-0.3157894736842105,0.5,-0.7142857142857143,Set B,0.9364787162207879
sub-010186,post-ses-02-run-02-acq-AP,-3.4810417,4.305748,-4.489584,-0.4,0.8571428571428571,0.4,0.5,0.5714285714285714,0.4,0.35294117647058826,0.7142857142857143,-0.631578947368421,-0.625,-0.2857142857142857,Set B,0.9729835681932613
sub-010186,post-ses-02-run-02-acq-PA,14.622811,-0.36995152,-4.168921,-1.2,-0.14285714285714285,0.0,0.625,0.7142857142857143,0.2,0.9411764705882353,0.42857142857142855,-0.8421052631578947,-1.0,-0.42857142857142855,Ambiguous,0.5214977634296253
sub-010187,post-ses-02-run-01-acq-AP,2.5329676,4.2585845,6.4569983,-1.6,-0.14285714285714285,0.0,-0.25,-0.42857142857142855,0.2,0.23529411764705882,-1.8571428571428572,-0.8421052631578947,-1.125,-0.7142857142857143,Set A,0.9928165523028483
sub-010187,post-ses-02-run-01-acq-PA,1.6629483,2.561369,5.627856,-0.2,0.0,-0.4,-0.5,-0.8571428571428571,0.2,-0.11764705882352941,-1.4285714285714286,-0.7368421052631579,-0.75,-0.5714285714285714,Ambiguous,0.6952543187278456
sub-010187,post-ses-02-run-02-acq-AP,0.5772002,1.8682896,6.8995686,-0.8,0.5714285714285714,-1.2,-0.75,-1.0,-0.8,-0.5882352941176471,-1.7142857142857142,-0.9473684210526315,-1.0,-0.5714285714285714,Set A,0.9997229843342053
sub-010187,post-ses-02-run-02-acq-PA,-6.7693872,4.418853,11.468629,-1.8,1.4285714285714286,-2.4,-0.875,0.2857142857142857,-2.8,1.1764705882352942,-1.8571428571428572,-0.8421052631578947,-0.125,0.42857142857142855,Set A,0.9999999998957327
sub-010188,post-ses-02-run-01-acq-AP,-8.491963,-7.6252027,-0.7741271,1.4,-0.8571428571428571,-1.4,0.875,0.14285714285714285,0.6,-0.47058823529411764,0.8571428571428571,0.42105263157894735,0.0,0.2857142857142857,Set B,0.9942396398652182
sub-010188,post-ses-02-run-01-acq-PA,0.49128866,-1.9974092,-10.171506,1.4,-0.7142857142857143,0.0,0.625,0.8571428571428571,-0.2,0.47058823529411764,0.8571428571428571,0.631578947368421,0.125,0.5714285714285714,Set B,0.9965334233818871
sub-010188,post-ses-02-run-02-acq-AP,1.1336905,-4.336609,-9.160018,0.8,-0.5714285714285714,0.2,0.25,0.0,0.8,0.0,0.42857142857142855,0.5263157894736842,-0.25,0.2857142857142857,Set B,0.9993218024718495
sub-010188,post-ses-02-run-02-acq-PA,0.99699783,-4.1750913,-8.56001,0.2,-0.8571428571428571,0.4,0.375,0.2857142857142857,0.6,0.0,0.42857142857142855,0.5263157894736842,-0.25,0.2857142857142857,Set B,0.9983056707795437
sub-010189,post-ses-02-run-01-acq-AP,4.443316,-4.086225,-12.412394,0.6,-0.42857142857142855,0.8,0.5,-0.2857142857142857,0.8,0.23529411764705882,0.2857142857142857,-0.631578947368421,0.875,0.5714285714285714,Set B,0.9997273040425861
sub-010189,post-ses-02-run-01-acq-PA,5.1154714,-6.2065625,-7.7435417,1.0,-0.7142857142857143,0.8,-0.625,0.42857142857142855,0.8,-0.7058823529411765,0.42857142857142855,0.21052631578947367,0.625,-0.14285714285714285,Set B,0.9998289353814779
sub-010189,post-ses-02-run-02-acq-AP,2.9974997,-7.2402945,-11.861415,1.4,-0.42857142857142855,0.2,0.625,-0.42857142857142855,1.0,-0.8235294117647058,0.7142857142857143,-0.42105263157894735,0.75,1.0,Set B,0.9998856878073691
sub-010189,post-ses-02-run-02-acq-PA,2.9946706,-7.7064123,-12.274451,1.2,0.14285714285714285,0.2,0.5,-0.5714285714285714,1.0,-0.9411764705882353,0.42857142857142855,-0.7368421052631579,0.875,0.8571428571428571,Set B,0.9997551572647703
sub-010190,post-ses-02-run-01-acq-AP,-1.830914,5.1278086,-12.760878,1.0,1.4285714285714286,0.6,1.0,0.14285714285714285,1.2,1.1764705882352942,0.8571428571428571,-0.9473684210526315,0.125,0.7142857142857143,Set B,0.9983733932284798
sub-010190,post-ses-02-run-01-acq-PA,-2.376375,5.190668,-12.557723,0.8,1.0,1.2,0.875,0.42857142857142855,1.0,1.0588235294117647,0.8571428571428571,-0.8421052631578947,0.75,0.8571428571428571,Set B,0.9994379008358774
sub-010190,post-ses-02-run-02-acq-AP,-1.4257282,3.799849,-5.885163,0.2,0.8571428571428571,0.0,0.25,0.0,0.2,0.7058823529411765,0.14285714285714285,-0.631578947368421,0.0,0.42857142857142855,Set B,0.9678539574864691
sub-010191,post-ses-02-run-01-acq-AP,-2.5865204,11.6003065,-0.2708142,-0.8,0.7142857142857143,0.4,-0.75,0.2857142857142857,-0.6,-1.1764705882352942,0.14285714285714285,0.21052631578947367,-0.125,0.42857142857142855,Ambiguous,0.5201111101428935
sub-010191,post-ses-02-run-01-acq-PA,3.2117555,-1.1453681,6.983827,-0.2,0.0,-0.2,0.125,-0.42857142857142855,-1.2,-1.1764705882352942,0.0,-0.10526315789473684,-0.125,0.0,Ambiguous,0.5458501850808282
sub-010191,post-ses-02-run-02-acq-AP,6.3024507,2.3350952,6.253626,-0.2,-0.14285714285714285,0.6,-0.625,0.2857142857142857,-1.0,-0.23529411764705882,-1.1428571428571428,0.5263157894736842,0.0,0.0,Ambiguous,0.6701776210625721
sub-010191,post-ses-02-run-02-acq-PA,6.9520793,1.0490687,6.087831,0.2,0.0,0.4,-0.5,0.2857142857142857,-1.6,-0.7058823529411765,-0.2857142857142857,0.21052631578947367,0.25,0.0,Ambiguous,0.5525043042259714
sub-010192,post-ses-02-run-01-acq-AP,9.309252,8.448759,-3.4511302,0.8,-0.7142857142857143,0.8,-0.375,0.42857142857142855,0.4,-0.7058823529411765,-1.5714285714285714,0.7368421052631579,-0.875,0.8571428571428571,Set B,0.9421885602984759
sub-010192,post-ses-02-run-01-acq-PA,8.205092,8.030967,-4.102357,0.8,-0.7142857142857143,0.0,-1.0,-0.7142857142857143,0.6,-0.23529411764705882,-1.7142857142857142,0.7368421052631579,-1.0,1.2857142857142858,Ambiguous,0.5701264744969411
sub-010192,post-ses-02-run-02-acq-AP,9.783094,9.494775,-3.8444824,0.8,-0.5714285714285714,0.4,-1.125,0.5714285714285714,0.8,-0.47058823529411764,-0.2857142857142857,0.631578947368421,-1.0,1.0,Set B,0.9869145569368363
sub-010192,post-ses-02-run-02-acq-PA,8.757756,8.726021,-3.4361546,1.0,-0.2857142857142857,0.0,-0.375,0.14285714285714285,0.0,-0.23529411764705882,-1.2857142857142858,0.7368421052631579,-0.875,0.8571428571428571,Set B,0.8249571817758556
sub-010194,post-ses-02-run-01-acq-AP,-7.9669437,2.1116428,-5.4470124,-0.4,0.7142857142857143,-0.4,1.0,-0.2857142857142857,-0.4,-1.0588235294117647,0.7142857142857143,-1.0526315789473684,0.75,0.7142857142857143,Set B,0.8263633081045053
sub-010194,post-ses-02-run-01-acq-PA,-4.7678804,2.8192294,-6.116077,0.0,0.7142857142857143,0.0,1.125,0.14285714285714285,0.0,0.23529411764705882,0.8571428571428571,-1.0526315789473684,0.5,0.5714285714285714,Set B,0.9802685720889545
sub-010194,post-ses-02-run-02-acq-AP,-5.3358903,0.62830335,-9.993327,0.2,-0.42857142857142855,0.4,0.625,0.5714285714285714,-0.4,0.35294117647058826,0.7142857142857143,-1.0526315789473684,0.625,1.1428571428571428,Set B,0.9850868307792959
sub-010194,post-ses-02-run-02-acq-PA,-6.2639008,0.21427663,-7.8632636,0.4,0.0,0.4,0.5,0.5714285714285714,0.0,-0.5882352941176471,0.5714285714285714,-1.0526315789473684,0.25,0.5714285714285714,Set B,0.9968706875526867
sub-010198,post-ses-02-run-02-acq-AP,-2.584843,-7.853593,-7.5394797,1.0,-0.8571428571428571,1.2,1.0,-0.14285714285714285,0.6,-0.9411764705882353,0.5714285714285714,0.0,-1.125,-1.0,Set B,0.9995657056961552
sub-010200,post-ses-02-run-01-acq-AP,10.002314,-3.7491565,-7.2985206,-0.4,0.5714285714285714,1.4,0.125,0.14285714285714285,0.2,-0.23529411764705882,0.7142857142857143,-0.7368421052631579,0.75,0.5714285714285714,Set B,0.9962800799051892
sub-010200,post-ses-02-run-01-acq-PA,-3.2391417,3.140282,-5.570096,-0.4,0.5714285714285714,0.6,0.875,0.14285714285714285,0.2,0.47058823529411764,0.2857142857142857,-0.8421052631578947,0.0,0.2857142857142857,Set B,0.9798414315018764
sub-010201,post-ses-02-run-01-acq-AP,-6.331764,-3.5315309,10.14304,0.4,-0.42857142857142855,-2.2,0.625,-0.7142857142857143,-0.4,0.23529411764705882,-0.8571428571428571,0.631578947368421,-1.125,-0.2857142857142857,Set A,0.9906411070369817
sub-010201,post-ses-02-run-01-acq-PA,-1.0838796,-7.854519,5.3214507,0.2,-0.8571428571428571,-1.2,0.625,-1.2857142857142858,0.2,-0.5882352941176471,0.5714285714285714,-0.42105263157894735,-0.625,-0.2857142857142857,Set B,0.8885374134388258
sub-010203,post-ses-02-run-01-acq-AP,-6.540207,0.5475539,-10.41458,0.4,-0.5714285714285714,-0.2,0.25,0.5714285714285714,-0.4,0.47058823529411764,0.7142857142857143,-0.8421052631578947,0.0,0.8571428571428571,Set B,0.9681419957926066
sub-010203,post-ses-02-run-01-acq-PA,-6.880333,0.8134217,-9.555338,0.0,-0.42857142857142855,-0.2,0.0,0.42857142857142855,-0.4,-0.11764705882352941,0.7142857142857143,-0.7368421052631579,0.125,1.0,Set B,0.9514815873030363
sub-010203,post-ses-02-run-02-acq-AP,-6.239,0.90137756,-8.178662,0.0,-0.14285714285714285,0.2,0.25,0.42857142857142855,0.2,-0.35294117647058826,0.5714285714285714,-0.631578947368421,0.25,0.8571428571428571,Set B,0.9945291304820851
sub-010203,post-ses-02-run-02-acq-PA,-7.0840864,-5.8339996,2.7032394,0.4,-0.42857142857142855,-1.2,0.625,-0.2857142857142857,-0.2,-0.23529411764705882,0.14285714285714285,-0.42105263157894735,0.5,0.42857142857142855,Set B,0.9099766665014196
sub-010204,post-ses-02-run-01-acq-AP,6.2781277,-2.7246087,6.633237,-1.2,0.0,0.4,1.25,0.8571428571428571,-1.6,0.23529411764705882,-0.5714285714285714,-0.7368421052631579,0.25,-0.42857142857142855,Set A,0.9777558225691417
sub-010204,post-ses-02-run-01-acq-PA,5.541359,-2.1074164,5.7350965,-0.6,0.0,0.6,0.375,0.14285714285714285,-1.2,-0.35294117647058826,-0.2857142857142857,-0.21052631578947367,-0.25,-0.5714285714285714,Ambiguous,0.5337815022480679
sub-010204,post-ses-02-run-02-acq-AP,0.07174076,-2.6339161,-0.6182119,0.0,-0.8571428571428571,0.2,0.625,0.14285714285714285,-0.4,0.0,-0.2857142857142857,-1.0526315789473684,0.125,-0.14285714285714285,Set B,0.9600241187925753
sub-010204,post-ses-02-run-02-acq-PA,-0.14440852,-3.7994454,-0.81680256,-0.6,-0.8571428571428571,1.0,0.25,0.14285714285714285,-0.2,-0.7058823529411765,-0.5714285714285714,-0.7368421052631579,0.0,0.2857142857142857,Set B,0.9546688718008746
sub-010206,post-ses-02-run-01-acq-AP,-0.14943542,-9.441656,4.754712,0.2,-0.42857142857142855,-2.0,1.0,-1.0,0.6,-0.8235294117647058,0.8571428571428571,-0.9473684210526315,-1.375,-0.7142857142857143,Ambiguous,0.5812663803309587
sub-010206,post-ses-02-run-01-acq-PA,-0.18647729,-9.274815,4.4804883,0.4,-0.14285714285714285,-1.8,0.75,-1.0,0.6,-0.8235294117647058,0.8571428571428571,-0.9473684210526315,-1.375,-0.5714285714285714,Ambiguous,0.6339048015837347
sub-010206,post-ses-02-run-02-acq-AP,7.6912894,-6.265376,3.498642,-0.8,0.0,0.4,0.0,-0.7142857142857143,-0.8,-0.8235294117647058,0.42857142857142855,-0.9473684210526315,-1.125,0.2857142857142857,Ambiguous,0.5996268615630642
sub-010206,post-ses-02-run-02-acq-PA,6.28521,-6.768684,3.0272467,-0.2,0.0,0.0,0.375,-1.0,0.2,-0.7058823529411765,0.14285714285714285,-0.631578947368421,-1.125,0.42857142857142855,Set B,0.9248738718445865
sub-010208,post-ses-02-run-01-acq-AP,6.6742973,-8.945734,-5.184754,0.6,-0.8571428571428571,0.4,-0.625,-0.8571428571428571,1.2,-0.5882352941176471,0.8571428571428571,-1.0526315789473684,-0.25,-0.8571428571428571,Set B,0.9994619917325953
sub-010208,post-ses-02-run-01-acq-PA,1.3985224,-7.5890913,-5.5296474,0.6,-0.5714285714285714,-0.2,0.5,0.2857142857142857,0.8,-0.47058823529411764,0.8571428571428571,-0.8421052631578947,-0.125,-0.5714285714285714,Set B,0.999210623794755
sub-010208,post-ses-02-run-02-acq-AP,2.2605515,-1.2538216,-5.0698586,-0.4,-0.42857142857142855,0.2,0.5,0.42857142857142855,0.8,0.8235294117647058,0.5714285714285714,-0.7368421052631579,0.75,-0.5714285714285714,Set B,0.9955662130292431
sub-010208,post-ses-02-run-02-acq-PA,-9.951493,-3.5514965,0.98794335,-0.2,-0.8571428571428571,-2.6,0.625,0.5714285714285714,1.2,0.8235294117647058,0.8571428571428571,-1.0526315789473684,0.0,-0.2857142857142857,Ambiguous,0.6802553131165121
sub-010209,post-ses-02-run-01-acq-AP,-8.11272,-3.550356,4.135948,0.0,-0.42857142857142855,-1.4,0.75,0.14285714285714285,-0.6,0.47058823529411764,-0.42857142857142855,0.5263157894736842,0.625,0.0,Ambiguous,0.75166860108343
sub-010209,post-ses-02-run-01-acq-PA,5.543605,0.18249358,-0.04859259,0.4,0.0,-0.4,-0.125,-0.2857142857142857,0.2,-0.35294117647058826,-0.7142857142857143,0.3157894736842105,0.875,-0.14285714285714285,Set B,0.9682024178547591
sub-010209,post-ses-02-run-02-acq-AP,-5.6742043,-0.21067053,7.6752405,-0.4,0.2857142857142857,-1.6,-0.25,-0.2857142857142857,-0.6,0.23529411764705882,-1.0,0.5263157894736842,0.0,-0.2857142857142857,Set A,0.988238943798175
sub-010209,post-ses-02-run-02-acq-PA,-0.6843356,5.1820083,7.1448174,-0.2,0.0,0.2,-0.75,-0.7142857142857143,-1.4,-0.23529411764705882,-0.42857142857142855,0.5263157894736842,0.75,0.7142857142857143,Set A,0.8239604144732751
sub-010210,post-ses-02-run-01-acq-AP,-8.498712,6.0429296,0.77424365,-2.2,1.4285714285714286,-1.2,0.5,-0.5714285714285714,0.2,-0.47058823529411764,-1.1428571428571428,-0.3157894736842105,0.25,0.8571428571428571,Set A,0.999496075439825
sub-010210,post-ses-02-run-01-acq-PA,-2.3252485,-4.0713725,11.25986,-1.2,0.0,-1.6,0.625,-1.1428571428571428,0.2,0.47058823529411764,-0.2857142857142857,0.21052631578947367,-0.625,0.0,Set A,0.9784762414963835
sub-010210,post-ses-02-run-02-acq-AP,-8.2737875,8.661882,2.0075636,-1.8,1.0,-0.2,0.5,0.42857142857142855,0.4,0.35294117647058826,-0.14285714285714285,0.7368421052631579,0.25,-0.14285714285714285,Set A,0.8451566788907399
sub-010210,post-ses-02-run-02-acq-PA,-3.080832,9.98809,-3.7720995,-1.4,0.8571428571428571,1.0,-0.375,-0.7142857142857143,0.2,-0.35294117647058826,-0.8571428571428571,0.42105263157894735,0.375,0.8571428571428571,Ambiguous,0.6250834034253816
sub-010211,post-ses-02-run-01-acq-AP,-6.154263,-4.0052586,10.292855,0.8,-0.14285714285714285,-2.2,0.5,-1.2857142857142858,0.4,0.9411764705882353,-1.5714285714285714,0.8421052631578947,-1.0,-0.8571428571428571,Set A,0.9938967055880396
sub-010211,post-ses-02-run-01-acq-PA,6.1877666,8.738366,3.0764513,0.0,1.4285714285714286,-1.2,0.75,-0.14285714285714285,0.8,0.8235294117647058,-1.1428571428571428,0.5263157894736842,-1.125,-0.42857142857142855,Set A,0.9309994735984491
sub-010211,post-ses-02-run-02-acq-AP,-3.7167115,-0.9025137,9.410921,0.2,1.2857142857142858,-2.0,-1.0,-1.1428571428571428,-1.8,0.9411764705882353,-1.4285714285714286,0.631578947368421,-1.125,-0.7142857142857143,Set A,0.9999985792205962
sub-010211,post-ses-02-run-02-acq-PA,-5.785523,0.8993856,11.607988,-1.4,-0.14285714285714285,-1.8,1.0,-1.0,-1.6,0.7058823529411765,-1.4285714285714286,0.631578947368421,-0.75,-0.7142857142857143,Set A,0.9999960019183173
sub-010212,post-ses-02-run-01-acq-PA,-1.155196,-9.386785,-4.1504793,1.4,-0.8571428571428571,-0.6,1.0,0.7142857142857143,1.2,0.47058823529411764,0.5714285714285714,-0.9473684210526315,0.875,-1.1428571428571428,Set B,0.9993586198940679
sub-010212,post-ses-02-run-02-acq-PA,-1.6456318,-9.944407,-4.0463624,1.2,-0.8571428571428571,1.0,1.125,1.0,1.0,0.9411764705882353,0.5714285714285714,-0.9473684210526315,0.75,-1.1428571428571428,Set B,0.9998272406848695
sub-010213,post-ses-02-run-01-acq-AP,6.849726,-0.8534604,-4.7253103,0.4,-0.2857142857142857,0.8,0.375,-1.0,0.0,1.0588235294117647,0.0,0.21052631578947367,0.0,0.0,Set B,0.9892139956528492
sub-010213,post-ses-02-run-01-acq-PA,0.2846174,4.974789,-0.65713555,-0.6,0.2857142857142857,0.8,0.375,-0.5714285714285714,-0.4,0.0,0.2857142857142857,0.5263157894736842,-1.125,-0.2857142857142857,Ambiguous,0.7871311818809577
sub-010213,post-ses-02-run-02-acq-AP,-4.096438,8.950748,-7.9224567,-0.2,1.4285714285714286,0.8,0.25,0.42857142857142855,0.6,0.35294117647058826,0.14285714285714285,0.5263157894736842,-0.25,0.0,Set B,0.9758691136836634
sub-010213,post-ses-02-run-02-acq-PA,-3.080996,-3.42455,-5.6366224,0.0,1.2857142857142858,0.4,0.125,-1.0,0.2,-0.5882352941176471,0.5714285714285714,0.42105263157894735,-0.5,-0.2857142857142857,Set B,0.9618153530655739
sub-010214,post-ses-02-run-01-acq-AP,2.53817,-4.8196945,3.2000165,-1.0,-0.2857142857142857,0.0,-0.75,-0.5714285714285714,-0.2,0.11764705882352941,-0.14285714285714285,-0.21052631578947367,-1.25,-1.0,Set A,0.8119700716603284
sub-010214,post-ses-02-run-01-acq-PA,4.3483615,-6.3811927,3.766371,-0.4,0.0,-0.2,0.125,-1.0,0.0,-0.7058823529411765,0.2857142857142857,-0.5263157894736842,-0.875,-0.8571428571428571,Set B,0.8440389325299662
sub-010214,post-ses-02-run-02-acq-AP,7.7351613,-8.22138,4.47868,-1.2,-0.42857142857142855,0.4,-0.75,-0.5714285714285714,0.4,-1.0588235294117647,0.2857142857142857,-0.5263157894736842,-1.375,0.0,Ambiguous,0.6691708865688478
sub-010214,post-ses-02-run-02-acq-PA,2.3213894,-4.4779835,5.1259456,-1.0,-0.14285714285714285,-0.2,0.25,0.0,-0.2,-0.23529411764705882,-0.2857142857142857,-0.10526315789473684,-0.75,-0.5714285714285714,Ambiguous,0.5413540159160555
sub-010216,post-ses-02-run-01-acq-AP,9.35984,2.4710062,-2.906701,0.2,-0.5714285714285714,0.2,0.875,-1.1428571428571428,1.0,0.23529411764705882,-1.7142857142857142,0.8421052631578947,0.25,0.5714285714285714,Set B,0.9307181775096647
sub-010216,post-ses-02-run-01-acq-PA,-11.781431,0.039049134,9.075454,-0.8,-0.2857142857142857,0.0,0.75,0.2857142857142857,-1.8,-0.8235294117647058,-1.5714285714285714,0.8421052631578947,0.25,0.8571428571428571,Set A,0.9975483876780024
sub-010216,post-ses-02-run-02-acq-AP,7.6314607,5.245687,-2.9949305,0.8,-0.7142857142857143,0.8,-0.375,-1.1428571428571428,0.4,-0.8235294117647058,-0.8571428571428571,0.42105263157894735,-0.625,-0.42857142857142855,Set B,0.9902837271320687
sub-010216,post-ses-02-run-02-acq-PA,7.651075,0.5055088,5.745416,1.0,-0.42857142857142855,0.6,-0.25,0.5714285714285714,-1.6,-0.9411764705882353,-0.8571428571428571,0.21052631578947367,0.5,-0.2857142857142857,Ambiguous,0.6803550273207337
sub-010218,post-ses-02-run-01-acq-AP,3.9994254,5.987704,-0.34729174,0.0,0.14285714285714285,0.2,-0.5,-0.14285714285714285,0.0,0.35294117647058826,-1.5714285714285714,0.0,0.375,0.2857142857142857,Ambiguous,0.6865035533219118
sub-010218,post-ses-02-run-01-acq-PA,-5.3690205,0.116267376,5.9167113,-0.2,0.42857142857142855,-1.2,-0.25,-0.42857142857142855,-0.4,0.47058823529411764,-0.2857142857142857,0.0,0.125,0.0,Ambiguous,0.7836825455341
sub-010218,post-ses-02-run-02-acq-AP,5.066888,-1.1600468,5.503098,-0.2,0.14285714285714285,0.0,0.5,0.2857142857142857,-1.0,-0.47058823529411764,-0.2857142857142857,0.21052631578947367,0.125,-0.14285714285714285,Ambiguous,0.6586548842428381
sub-010218,post-ses-02-run-02-acq-PA,1.3318206,0.6643078,4.58391,-0.2,0.14285714285714285,-0.4,-0.375,0.0,-0.6,-0.35294117647058826,-0.8571428571428571,-0.3157894736842105,-0.625,-0.14285714285714285,Ambiguous,0.71429429521049
sub-010220,post-ses-02-run-01-acq-AP,2.1444979,3.86917,-10.208535,0.0,0.2857142857142857,-1.0,1.25,-0.8571428571428571,1.2,0.47058823529411764,-0.2857142857142857,0.631578947368421,0.75,0.0,Set B,0.9500167875355443
sub-010220,post-ses-02-run-01-acq-PA,-6.364943,8.606425,-0.840462,-1.4,0.0,-0.8,-0.625,-0.5714285714285714,-0.2,-0.23529411764705882,0.0,0.10526315789473684,-1.0,0.7142857142857143,Set A,0.9704579554397956
sub-010220,post-ses-02-run-02-acq-AP,-0.10935578,-3.3925025,7.1820893,-0.2,-0.42857142857142855,-1.0,0.125,-0.5714285714285714,-1.4,-0.23529411764705882,-0.14285714285714285,-0.3157894736842105,-1.125,0.0,Set A,0.9755103284700825
sub-010220,post-ses-02-run-02-acq-PA,6.93712,-10.115223,-7.8495455,1.4,-0.8571428571428571,1.4,-0.375,-0.7142857142857143,-0.2,-0.8235294117647058,0.5714285714285714,-0.3157894736842105,0.625,-0.2857142857142857,Set B,0.9996224867917383
sub-010221,post-ses-02-run-01-acq-AP,-9.346576,9.08161,5.993455,-2.2,1.5714285714285714,0.4,-0.875,1.2857142857142858,0.2,1.1764705882352942,-1.5714285714285714,1.0526315789473684,1.0,1.7142857142857142,Set A,0.9999163602770788
sub-010221,post-ses-02-run-01-acq-PA,-7.0306206,6.7680593,-7.310975,-1.8,1.4285714285714286,1.2,0.75,0.8571428571428571,1.2,0.9411764705882353,0.8571428571428571,-0.631578947368421,-1.0,1.1428571428571428,Ambiguous,0.578907125386972
sub-010221,post-ses-02-run-02-acq-AP,-5.3098335,9.8463,4.427151,-2.6,1.0,0.0,-0.625,0.8571428571428571,-0.2,1.1764705882352942,0.14285714285714285,-0.42105263157894735,-1.5,1.7142857142857142,Set A,0.999931850116921
sub-010221,post-ses-02-run-02-acq-PA,2.8803844,4.7653627,6.177514,-1.4,0.2857142857142857,0.6,-0.375,-0.14285714285714285,0.2,0.5882352941176471,-1.2857142857142858,0.0,-1.5,-0.2857142857142857,Set A,0.9599635660256594
sub-010224,post-ses-02-run-01-acq-AP,7.206235,-7.9432797,-5.455897,0.4,-0.5714285714285714,0.6,-1.0,-0.42857142857142855,0.6,-0.23529411764705882,0.7142857142857143,-0.5263157894736842,0.25,-1.0,Set B,0.9986024161663197
sub-010224,post-ses-02-run-01-acq-PA,5.1171737,-3.5721776,-11.547889,0.6,-0.14285714285714285,0.8,0.0,-0.7142857142857143,0.2,0.35294117647058826,0.2857142857142857,-0.42105263157894735,0.25,0.8571428571428571,Set B,0.9978637357671135
sub-010224,post-ses-02-run-02-acq-AP,-3.421518,6.049854,4.471862,-0.8,0.8571428571428571,-0.2,0.5,0.0,-0.8,0.7058823529411765,-0.14285714285714285,-0.631578947368421,-1.0,1.0,Set A,0.9611857214317095
sub-010224,post-ses-02-run-02-acq-PA,-1.8384689,4.3776793,-3.2883213,-0.2,0.8571428571428571,0.4,-0.25,0.14285714285714285,0.2,0.23529411764705882,0.0,-0.5263157894736842,-0.625,0.2857142857142857,Set B,0.9360796622182326
sub-010005,post-ses-02-run-01-acq-PA,-11.92037,-0.6647172,8.6050825,0.8,-0.8571428571428571,-0.2,0.5,0.8571428571428571,-2.4,-1.0588235294117647,-1.4285714285714286,0.7368421052631579,0.5,1.0,Set A,0.9948177877921843
sub-010005,post-ses-02-run-02-acq-AP,1.541558,4.0901394,10.627442,-1.0,-0.5714285714285714,0.0,-0.375,-0.7142857142857143,-2.0,0.47058823529411764,-1.4285714285714286,-0.631578947368421,-0.75,0.5714285714285714,Set A,0.9997432682921502
sub-010005,post-ses-02-run-02-acq-PA,7.7562523,0.10299052,7.852017,0.8,-0.8571428571428571,0.0,-0.125,0.2857142857142857,-1.4,-1.0588235294117647,-0.14285714285714285,-0.8421052631578947,0.125,0.7142857142857143,Ambiguous,0.759874968754337
sub-010225,post-ses-02-run-01-acq-AP,3.2876472,8.31273,8.320104,-1.6,-0.14285714285714285,0.2,0.875,-1.1428571428571428,-1.6,-0.7058823529411765,-1.2857142857142858,-0.8421052631578947,0.375,-0.5714285714285714,Set A,0.9983418627081235
sub-010225,post-ses-02-run-01-acq-PA,3.2170837,-9.323567,-3.2134364,0.4,-0.42857142857142855,0.4,0.625,-1.0,0.0,-1.0588235294117647,0.14285714285714285,-0.631578947368421,0.375,-0.5714285714285714,Set B,0.9961652324270462
sub-010225,post-ses-02-run-02-acq-AP,4.623724,-6.262438,5.074147,-1.4,0.14285714285714285,0.4,0.75,-1.0,0.0,-0.9411764705882353,0.14285714285714285,-0.9473684210526315,-0.5,-0.8571428571428571,Ambiguous,0.5864473584303581
sub-010225,post-ses-02-run-02-acq-PA,-0.7975413,7.0545974,8.70824,0.4,0.7142857142857143,0.2,-0.75,-0.5714285714285714,-1.8,0.5882352941176471,0.14285714285714285,-0.631578947368421,-0.75,-0.7142857142857143,Set A,0.9457144954153996
sub-010226,post-ses-02-run-01-acq-AP,2.022769,-4.308394,-12.877747,0.8,0.0,0.6,0.875,0.14285714285714285,0.8,-0.35294117647058826,0.42857142857142855,-0.3157894736842105,0.5,0.7142857142857143,Set B,0.9997686883578871
sub-010226,post-ses-02-run-01-acq-PA,2.468644,-3.935742,-10.860563,0.4,0.0,0.8,0.5,-0.42857142857142855,0.8,-0.23529411764705882,0.2857142857142857,0.42105263157894735,0.25,1.0,Set B,0.9992763705543574
sub-010227,post-ses-02-run-01-acq-AP,9.662341,-4.9457397,-1.4028561,-0.6,-0.2857142857142857,1.2,-1.25,0.0,0.2,0.11764705882352941,-0.2857142857142857,-0.7368421052631579,0.125,0.5714285714285714,Set B,0.9441708511144087
sub-010227,post-ses-02-run-01-acq-PA,9.728946,-4.369332,-6.340144,-0.6,0.0,0.8,-0.25,0.42857142857142855,0.2,-0.11764705882352941,0.5714285714285714,-0.631578947368421,0.25,0.0,Set B,0.9905877563713599
sub-010227,post-ses-02-run-02-acq-AP,7.9279947,-8.974801,5.1361895,-1.0,-0.42857142857142855,1.0,-0.25,-0.8571428571428571,0.8,-0.5882352941176471,0.42857142857142855,0.42105263157894735,-0.875,0.5714285714285714,Set B,0.9725566066362306
sub-010227,post-ses-02-run-02-acq-PA,-1.3903517,-3.2006676,-7.7385793,0.2,0.14285714285714285,1.0,0.5,-0.5714285714285714,0.6,0.0,0.5714285714285714,0.7368421052631579,-0.375,-0.2857142857142857,Set B,0.9985500328892456
sub-010228,post-ses-02-run-01-acq-AP,0.41669092,0.62567896,5.81476,-0.4,0.14285714285714285,-1.0,-0.5,-0.5714285714285714,-0.8,-0.7058823529411765,-1.0,-0.10526315789473684,-0.5,0.14285714285714285,Set A,0.9723098498536853
sub-010228,post-ses-02-run-01-acq-PA,-1.1950911,6.2283955,7.5198936,-0.4,0.42857142857142855,0.0,-0.75,-0.7142857142857143,-1.4,0.23529411764705882,-0.42857142857142855,-0.10526315789473684,-0.125,0.14285714285714285,Set A,0.9456129545633213
sub-010228,post-ses-02-run-02-acq-AP,2.291933,-0.16356802,2.070442,-0.2,-0.2857142857142857,-0.2,-0.5,0.2857142857142857,-0.2,-0.35294117647058826,-0.2857142857142857,-0.10526315789473684,-0.375,-0.14285714285714285,Set B,0.8565174339658184
sub-010228,post-ses-02-run-02-acq-PA,8.989393,4.3763237,-0.81605774,0.2,-0.2857142857142857,0.0,0.375,-0.14285714285714285,0.2,-0.7058823529411765,-1.2857142857142858,0.42105263157894735,-0.125,-0.14285714285714285,Set B,0.9331282248745482
sub-010229,post-ses-02-run-01-acq-AP,-7.5476227,-8.37094,9.0050125,0.8,-0.8571428571428571,-2.2,-0.5,-1.2857142857142858,-2.2,-0.9411764705882353,-1.5714285714285714,1.0526315789473684,0.75,-0.2857142857142857,Set A,0.999973210318323
sub-010229,post-ses-02-run-01-acq-PA,-7.89324,-7.5544195,8.930911,0.0,-0.8571428571428571,-2.2,-0.375,-1.1428571428571428,-2.2,-0.8235294117647058,-0.5714285714285714,0.9473684210526315,0.125,0.14285714285714285,Set A,0.9999449466750192
sub-010229,post-ses-02-run-02-acq-AP,-7.456861,-7.4982333,5.388814,-0.2,-0.5714285714285714,-2.6,-0.375,-0.14285714285714285,-0.2,-0.8235294117647058,0.0,0.7368421052631579,0.5,0.42857142857142855,Set A,0.978862286473962
sub-010229,post-ses-02-run-02-acq-PA,-7.108232,-7.6048775,5.964789,0.2,-0.8571428571428571,-1.8,-0.625,-0.7142857142857143,-0.2,-0.47058823529411764,-0.42857142857142855,0.7368421052631579,0.125,0.7142857142857143,Set A,0.8625316956636795
sub-010230,post-ses-02-run-01-acq-AP,1.1655287,-4.3922553,-6.564826,0.4,-0.42857142857142855,0.4,0.625,0.14285714285714285,0.0,-0.35294117647058826,0.2857142857142857,0.3157894736842105,0.5,-0.14285714285714285,Set B,0.997826577131656
sub-010230,post-ses-02-run-01-acq-PA,10.188263,4.7218704,-0.79141736,0.6,0.0,0.6,0.5,-0.2857142857142857,0.6,-0.9411764705882353,-1.0,0.8421052631578947,0.125,-0.5714285714285714,Set B,0.9945529313129571
sub-010230,post-ses-02-run-02-acq-AP,5.553924,3.2239454,8.811321,-0.6,-0.2857142857142857,-0.2,-0.75,-0.2857142857142857,-1.4,0.35294117647058826,-0.7142857142857143,0.8421052631578947,0.375,-0.8571428571428571,Set A,0.9780724170735906
sub-010230,post-ses-02-run-02-acq-PA,-5.0309515,7.2975636,10.241174,-1.0,1.1428571428571428,0.0,0.75,0.7142857142857143,-2.4,0.7058823529411765,-1.1428571428571428,0.631578947368421,-0.875,-0.42857142857142855,Set A,0.9999739185629842
sub-010231,post-ses-02-run-01-acq-AP,3.6817594,-4.918288,2.0393856,-0.2,0.14285714285714285,-0.2,-0.5,-0.42857142857142855,0.0,-0.5882352941176471,0.0,0.42105263157894735,-1.0,-0.7142857142857143,Ambiguous,0.7856938566749192
sub-010231,post-ses-02-run-01-acq-PA,3.6856008,-4.144545,2.1791513,-0.6,-0.5714285714285714,0.0,-0.625,-0.42857142857142855,0.0,-0.5882352941176471,0.0,0.3157894736842105,-0.75,-0.42857142857142855,Set B,0.8150616209158947
sub-010231,post-ses-02-run-02-acq-AP,-5.7749386,7.938605,-0.3341328,-1.4,0.8571428571428571,0.0,-0.25,-0.5714285714285714,0.0,-0.5882352941176471,0.14285714285714285,0.42105263157894735,-0.875,0.42857142857142855,Set A,0.8194414291445529
sub-010231,post-ses-02-run-02-acq-PA,4.044854,-2.8253956,1.52923,0.0,-0.5714285714285714,0.4,-0.5,0.14285714285714285,0.2,-0.7058823529411765,0.0,0.3157894736842105,-0.375,-0.5714285714285714,Set B,0.9878106912323327
sub-010232,post-ses-02-run-01-acq-AP,2.4640868,2.9604611,1.6517133,0.2,0.5714285714285714,-0.6,-0.375,0.8571428571428571,-0.8,0.47058823529411764,0.0,0.3157894736842105,-0.25,-0.14285714285714285,Ambiguous,0.6406681015447893
sub-010232,post-ses-02-run-01-acq-PA,-5.1475697,0.8385072,3.1432056,-0.6,0.5714285714285714,-1.2,-0.25,0.14285714285714285,0.0,0.23529411764705882,0.5714285714285714,-0.21052631578947367,-0.25,-0.14285714285714285,Ambiguous,0.5926629407151991
sub-010232,post-ses-02-run-02-acq-AP,0.033316847,-3.4562418,3.4368782,0.0,0.2857142857142857,-0.8,0.5,-0.14285714285714285,-0.2,-1.1764705882352942,0.5714285714285714,-0.3157894736842105,-0.25,0.14285714285714285,Set B,0.8978398963046408
sub-010232,post-ses-02-run-02-acq-PA,-5.1499925,-2.7201078,-2.631525,-0.6,0.5714285714285714,-0.6,-0.625,1.2857142857142858,1.2,-0.47058823529411764,-0.14285714285714285,0.0,0.25,-0.2857142857142857,Set B,0.9035887858320693
sub-010233,post-ses-02-run-01-acq-AP,2.0740736,-1.6813469,4.5319157,-0.2,0.5714285714285714,-0.4,0.125,-0.14285714285714285,-0.4,-0.23529411764705882,-0.14285714285714285,0.0,-0.5,-0.14285714285714285,Ambiguous,0.672177265763374
sub-010233,post-ses-02-run-01-acq-PA,2.7825012,-1.8284672,5.2029767,-0.2,0.2857142857142857,-0.2,0.125,-0.2857142857142857,-0.6,-0.5882352941176471,0.0,-0.3157894736842105,-0.125,-0.14285714285714285,Set B,0.8119804311076355
sub-010233,post-ses-02-run-02-acq-AP,2.125313,-1.5615802,7.1192484,-0.2,0.14285714285714285,-0.4,-0.125,-0.5714285714285714,-1.2,-0.7058823529411765,0.0,-0.42105263157894735,-0.5,-0.14285714285714285,Ambiguous,0.7536671202313148
sub-010233,post-ses-02-run-02-acq-PA,2.7280662,-2.2625496,7.1488957,0.2,0.14285714285714285,-0.2,0.25,-0.7142857142857143,-1.2,-0.7058823529411765,-0.2857142857142857,-0.3157894736842105,-0.5,-0.2857142857142857,Ambiguous,0.5615049134284538
sub-010027,post-ses-02-run-01-acq-AP,-8.010411,7.2908816,4.9959655,-1.4,1.1428571428571428,-0.8,-0.5,0.5714285714285714,-0.4,0.23529411764705882,-1.0,0.631578947368421,-0.125,0.8571428571428571,Set A,0.9978443175803965
sub-010027,post-ses-02-run-01-acq-PA,-4.2370358,1.8712474,8.142385,-0.4,0.2857142857142857,-1.2,0.25,0.14285714285714285,-1.4,-0.35294117647058826,-0.7142857142857143,0.21052631578947367,0.0,0.14285714285714285,Set A,0.9889638219818103
sub-010027,post-ses-02-run-02-acq-AP,-8.136206,-7.498989,9.679418,-0.6,-0.2857142857142857,-2.0,0.125,-1.0,-2.4,-0.9411764705882353,-1.4285714285714286,0.631578947368421,0.25,-0.14285714285714285,Set A,0.999995106378858
sub-010027,post-ses-02-run-02-acq-PA,-7.2765803,6.6470146,1.246459,-1.6,1.0,0.0,0.375,0.0,-0.2,-0.35294117647058826,-0.14285714285714285,-0.21052631578947367,0.0,0.5714285714285714,Set A,0.8385354175160081
sub-010029,post-ses-02-run-01-acq-AP,-0.55594265,-2.8199701,-5.1916595,-0.2,0.0,-0.2,0.25,0.0,0.6,0.0,0.5714285714285714,0.5263157894736842,0.0,-0.14285714285714285,Set B,0.9912815176907857
sub-010029,post-ses-02-run-01-acq-PA,-8.443767,7.829505,5.958964,-1.6,1.0,-0.6,-1.25,0.7142857142857143,-0.8,0.9411764705882353,-1.4285714285714286,0.9473684210526315,0.25,0.8571428571428571,Set A,0.9999305577107529
sub-010030,post-ses-02-run-01-acq-AP,-0.69295126,4.234728,-6.9546247,0.4,0.2857142857142857,-0.4,0.25,-0.2857142857142857,0.4,0.5882352941176471,0.7142857142857143,-0.21052631578947367,-0.25,0.7142857142857143,Set B,0.9864747057474635
sub-010030,post-ses-02-run-01-acq-PA,9.772312,6.0507283,6.23336,-0.2,0.2857142857142857,0.4,-1.25,0.2857142857142857,-1.6,0.23529411764705882,0.8571428571428571,-0.631578947368421,-0.875,1.1428571428571428,Set A,0.94108089318669
sub-010030,post-ses-02-run-02-acq-AP,1.9011679,-0.80948246,8.760985,-0.6,0.2857142857142857,-0.2,0.125,-0.7142857142857143,-1.8,-0.7058823529411765,0.2857142857142857,-0.631578947368421,-0.625,0.8571428571428571,Set A,0.9787981858525724
sub-010030,post-ses-02-run-02-acq-PA,-2.952813,3.1709304,9.303456,-1.0,0.2857142857142857,-0.8,0.125,-0.7142857142857143,-1.4,-0.23529411764705882,-0.2857142857142857,0.10526315789473684,-0.75,0.42857142857142855,Set A,0.9955212329131675
sub-010033,post-ses-02-run-01-acq-AP,2.3780096,-5.458638,-10.442344,0.8,-0.14285714285714285,0.0,0.375,-0.2857142857142857,1.2,-0.11764705882352941,0.7142857142857143,0.0,0.125,0.7142857142857143,Set B,0.999671933947404
sub-010033,post-ses-02-run-01-acq-PA,-0.92258275,8.728037,-5.3751483,-0.2,0.5714285714285714,0.4,-0.625,-0.5714285714285714,0.6,0.11764705882352941,0.2857142857142857,0.631578947368421,0.625,0.5714285714285714,Set B,0.9858980977708464
sub-010033,post-ses-02-run-02-acq-AP,3.9911973,-3.1100962,-9.557717,0.0,0.0,0.8,-0.125,-0.5714285714285714,1.0,0.11764705882352941,0.14285714285714285,0.3157894736842105,0.75,0.5714285714285714,Set B,0.9988313735496284
sub-010033,post-ses-02-run-02-acq-PA,4.587747,-2.6873345,-9.019722,0.4,0.14285714285714285,1.2,-0.5,-0.2857142857142857,0.8,0.23529411764705882,0.42857142857142855,0.42105263157894735,0.875,0.14285714285714285,Set B,0.9994928960050156
sub-010034,post-ses-02-run-01-acq-AP,3.6125422,-8.611521,-9.646144,0.8,-0.8571428571428571,0.4,-0.375,-0.8571428571428571,1.2,-0.9411764705882353,0.42857142857142855,-0.8421052631578947,0.25,0.7142857142857143,Set B,0.9996844280237133
sub-010034,post-ses-02-run-01-acq-PA,2.384269,-6.390625,-6.635277,0.6,-0.5714285714285714,0.0,0.0,-0.14285714285714285,0.4,-0.5882352941176471,0.42857142857142855,-0.5263157894736842,0.375,0.14285714285714285,Set B,0.9987695398974941
sub-010034,post-ses-02-run-02-acq-AP,-1.2647902,0.3656287,-1.4980252,-0.4,0.0,0.0,0.25,0.14285714285714285,-0.4,0.23529411764705882,0.42857142857142855,-0.3157894736842105,0.25,0.42857142857142855,Set B,0.9254052765998841
sub-010034,post-ses-02-run-02-acq-PA,-1.0870482,0.2018274,-0.64482605,-0.4,-0.42857142857142855,0.0,0.25,0.2857142857142857,-0.4,0.23529411764705882,0.14285714285714285,-0.21052631578947367,-0.25,0.42857142857142855,Set B,0.8856478329108471
sub-010035,post-ses-02-run-01-acq-AP,3.9822214,-5.0063887,-3.8977063,1.0,-0.5714285714285714,-0.2,-0.25,-0.5714285714285714,-0.2,0.47058823529411764,0.42857142857142855,0.0,0.625,-0.5714285714285714,Set B,0.9923496701520388
sub-010035,post-ses-02-run-01-acq-PA,0.5700058,-4.9392476,-5.4950604,0.2,-0.5714285714285714,-0.2,0.625,-0.2857142857142857,0.0,-0.35294117647058826,0.42857142857142855,0.0,0.25,0.14285714285714285,Set B,0.9927035062472409
sub-010035,post-ses-02-run-02-acq-AP,3.6719048,-6.831933,6.1952,-1.6,-0.8571428571428571,0.0,0.625,-1.0,-0.2,-0.9411764705882353,0.14285714285714285,0.5263157894736842,-0.125,-1.0,Ambiguous,0.6803353380482637
sub-010035,post-ses-02-run-02-acq-PA,1.912146,0.27116764,13.000805,-2.0,-0.7142857142857143,-1.4,-0.375,-1.0,-0.8,-0.47058823529411764,-0.5714285714285714,-0.10526315789473684,-1.25,-0.8571428571428571,Set A,0.9998901804970216
sub-010042,post-ses-02-run-01-acq-AP,-7.066463,1.3182259,-1.3050125,-0.4,0.2857142857142857,-0.6,0.5,0.0,0.8,-0.23529411764705882,0.0,-0.21052631578947367,-0.875,0.5714285714285714,Set B,0.9164905861237903
sub-010042,post-ses-02-run-01-acq-PA,-1.8848156,2.2116833,-2.3006446,-0.4,0.42857142857142855,0.6,0.25,0.14285714285714285,-0.2,0.23529411764705882,0.5714285714285714,-0.10526315789473684,-0.5,0.8571428571428571,Set B,0.9432438458940506
sub-010042,post-ses-02-run-02-acq-AP,2.3660662,-1.9672654,-13.233489,1.0,-0.14285714285714285,1.0,0.375,0.7142857142857143,1.0,0.11764705882352941,0.2857142857142857,0.21052631578947367,-0.125,1.0,Set B,0.9997472938726442
sub-010042,post-ses-02-run-02-acq-PA,-4.422577,7.806749,-8.446191,-0.4,1.0,1.0,0.5,0.5714285714285714,0.8,0.9411764705882353,-0.14285714285714285,0.7368421052631579,0.375,0.7142857142857143,Set B,0.9746396108702999
sub-010052,post-ses-02-run-01-acq-AP,4.252747,-10.991247,-10.830013,0.8,-0.8571428571428571,-0.6,-1.25,-0.42857142857142855,0.4,-1.1764705882352942,0.8571428571428571,-1.0526315789473684,1.0,0.8571428571428571,Set B,0.9892842898191685
sub-010052,post-ses-02-run-01-acq-PA,4.2683854,-11.141778,-12.129039,0.4,-0.2857142857142857,-0.6,-0.5,0.5714285714285714,1.0,-1.1764705882352942,0.8571428571428571,-1.0526315789473684,0.5,1.0,Set B,0.9959320902989794
sub-010052,post-ses-02-run-02-acq-AP,-1.0187746,8.436007,5.9708815,-1.0,0.5714285714285714,0.2,-1.25,-0.7142857142857143,-0.8,0.0,-0.42857142857142855,-1.0526315789473684,0.25,0.5714285714285714,Set A,0.945104656149304
sub-010052,post-ses-02-run-02-acq-PA,8.5947485,-9.7926855,1.256255,-0.4,0.0,-1.0,-0.75,-1.0,0.8,-1.1764705882352942,0.7142857142857143,-1.0526315789473684,0.375,0.5714285714285714,Set B,0.8983353587834628
sub-010056,post-ses-02-run-01-acq-AP,0.87071604,-9.123276,-9.616204,0.4,-0.5714285714285714,0.8,-0.75,-1.0,0.2,-0.9411764705882353,0.2857142857142857,0.5263157894736842,0.875,0.7142857142857143,Set B,0.9965468891465288
sub-010056,post-ses-02-run-01-acq-PA,4.5985794,-8.926713,1.3564624,0.2,-0.7142857142857143,0.4,-0.625,-0.8571428571428571,-0.2,-0.5882352941176471,0.5714285714285714,-0.42105263157894735,-1.0,-0.42857142857142855,Set B,0.96941717162771
sub-010056,post-ses-02-run-02-acq-AP,-2.0585122,10.748789,-1.3377241,-0.8,0.8571428571428571,0.6,-0.625,0.0,-0.4,-0.35294117647058826,-0.14285714285714285,-0.42105263157894735,0.375,0.2857142857142857,Ambiguous,0.6953232815688372
sub-010056,post-ses-02-run-02-acq-PA,-1.5023104,9.579339,-2.4128904,-0.6,0.5714285714285714,0.2,0.0,-0.5714285714285714,-0.2,-0.5882352941176471,-0.2857142857142857,0.3157894736842105,0.25,0.2857142857142857,Set B,0.8218950535235419
sub-010058,post-ses-02-run-01-acq-AP,-4.0090237,6.4217143,2.8120363,-0.8,1.0,-0.2,-0.125,-0.42857142857142855,-0.4,0.47058823529411764,0.0,-0.10526315789473684,-0.5,0.7142857142857143,Set A,0.8062749701905609
sub-010058,post-ses-02-run-01-acq-PA,-5.311338,6.1022267,2.3145633,-0.8,1.0,-0.2,0.125,0.0,-0.2,0.35294117647058826,-0.14285714285714285,0.0,-0.375,0.7142857142857143,Ambiguous,0.666387212419545
sub-010058,post-ses-02-run-02-acq-AP,-5.4776874,6.233894,3.659089,-0.8,0.8571428571428571,-0.4,-0.25,0.2857142857142857,-0.4,0.47058823529411764,-0.14285714285714285,0.10526315789473684,-0.5,0.5714285714285714,Set A,0.8556434084760349
sub-010058,post-ses-02-run-02-acq-PA,-4.9859076,5.009098,3.1971297,-0.4,0.7142857142857143,-0.6,-0.125,0.0,-0.4,0.35294117647058826,0.0,0.10526315789473684,-0.375,0.5714285714285714,Ambiguous,0.6438376805757295
sub-010060,post-ses-02-run-01-acq-AP,-3.0836806,-9.014679,2.823349,0.4,-0.14285714285714285,-2.6,-1.25,-1.4285714285714286,0.6,-0.35294117647058826,0.8571428571428571,-0.9473684210526315,-0.875,0.7142857142857143,Set A,0.9647435535454109
sub-010060,post-ses-02-run-01-acq-PA,-8.9148655,7.194979,8.267912,-1.6,1.2857142857142858,0.6,-1.0,0.8571428571428571,-2.2,0.47058823529411764,-1.2857142857142858,1.0526315789473684,1.0,1.7142857142857142,Set A,0.999995220884584
sub-010060,post-ses-02-run-02-acq-AP,-9.411876,-1.4796087,6.5825443,0.4,-0.14285714285714285,-1.6,0.5,0.7142857142857143,-2.4,1.0588235294117647,-1.4285714285714286,0.8421052631578947,-0.625,1.2857142857142858,Set A,0.9999896251907606
sub-010062,post-ses-02-run-01-acq-AP,2.6446028,-4.983221,-5.2172484,0.6,-0.42857142857142855,0.0,0.25,0.14285714285714285,0.2,0.35294117647058826,0.7142857142857143,-0.21052631578947367,0.25,-0.2857142857142857,Set B,0.9979755831853074
sub-010062,post-ses-02-run-01-acq-PA,1.8743141,-4.9306445,-6.404841,0.4,-0.5714285714285714,0.2,0.375,0.42857142857142855,0.4,-0.35294117647058826,0.42857142857142855,0.0,0.375,-0.14285714285714285,Set B,0.9989040523790553
sub-010062,post-ses-02-run-02-acq-AP,-6.574049,-2.0973709,2.2777557,0.2,0.14285714285714285,-1.0,0.375,0.14285714285714285,0.0,0.47058823529411764,0.14285714285714285,0.10526315789473684,0.125,0.0,Set B,0.8878017756247607
sub-010062,post-ses-02-run-02-acq-PA,3.1786315,-0.7133804,-1.137315,0.0,-0.42857142857142855,0.0,-0.25,0.0,0.0,0.23529411764705882,0.0,0.21052631578947367,0.125,0.0,Set B,0.9758765237771736
sub-010011,post-ses-02-run-01-acq-AP,4.2007465,2.6545014,-0.3442635,0.2,-0.14285714285714285,-0.4,0.0,0.14285714285714285,0.0,0.23529411764705882,-0.42857142857142855,0.5263157894736842,-0.625,-0.14285714285714285,Set B,0.8759278255218754
sub-010011,post-ses-02-run-01-acq-PA,-9.489009,4.686418,6.6330433,0.0,1.0,0.2,-0.625,0.2857142857142857,-1.4,0.47058823529411764,-0.14285714285714285,0.631578947368421,0.125,0.5714285714285714,Set A,0.8872986765140666
sub-010011,post-ses-02-run-02-acq-AP,4.5412226,3.253611,-0.6111573,0.0,0.14285714285714285,-0.2,0.5,0.2857142857142857,-0.2,0.47058823529411764,-1.0,0.5263157894736842,-0.625,-0.14285714285714285,Ambiguous,0.5836968257935331
sub-010011,post-ses-02-run-02-acq-PA,-3.924601,1.8427502,-0.34943122,0.2,0.2857142857142857,-0.2,0.375,0.2857142857142857,-0.2,0.35294117647058826,-0.2857142857142857,0.3157894736842105,0.125,0.5714285714285714,Set B,0.9209946310772172
sub-010064,post-ses-02-run-01-acq-PA,1.4501989,-3.9662347,-13.303343,0.8,-0.14285714285714285,0.6,1.125,0.5714285714285714,0.6,-0.23529411764705882,0.8571428571428571,-0.3157894736842105,0.5,0.5714285714285714,Set B,0.9997660718041851
sub-010065,post-ses-02-run-01-acq-AP,0.55124027,-6.0134683,-10.736661,0.6,-0.42857142857142855,0.2,0.625,-0.7142857142857143,0.6,-0.23529411764705882,0.5714285714285714,0.9473684210526315,0.75,1.0,Set B,0.9986210239443689
sub-010067,post-ses-02-run-01-acq-PA,8.00347,-6.0573716,-4.483824,0.4,0.0,0.6,-1.0,0.14285714285714285,0.4,0.23529411764705882,0.14285714285714285,-0.42105263157894735,0.125,-0.42857142857142855,Set B,0.995623134944125
sub-010067,post-ses-02-run-02-acq-AP,6.349508,-5.240779,-3.8492534,0.0,-0.14285714285714285,0.2,-0.625,-0.7142857142857143,0.2,0.23529411764705882,0.2857142857142857,-0.7368421052631579,0.25,-0.2857142857142857,Set B,0.9856509317402666
sub-010067,post-ses-02-run-02-acq-PA,2.1419258,2.1401653,4.330271,-0.2,0.14285714285714285,-0.2,-0.5,-0.42857142857142855,-0.2,0.35294117647058826,-0.8571428571428571,0.10526315789473684,-0.75,-0.2857142857142857,Ambiguous,0.5713418070634366
sub-010068,post-ses-02-run-01-acq-AP,-4.955483,0.72359127,-5.2656407,0.2,0.5714285714285714,0.2,0.625,0.42857142857142855,0.6,-0.35294117647058826,0.2857142857142857,-0.21052631578947367,0.0,0.5714285714285714,Set B,0.9965250005914097
sub-010068,post-ses-02-run-01-acq-PA,-2.710206,3.7569342,-0.71953446,0.0,0.2857142857142857,0.4,0.5,-0.5714285714285714,0.4,0.11764705882352941,0.0,0.3157894736842105,-0.625,0.8571428571428571,Set B,0.9808743745554885
sub-010068,post-ses-02-run-02-acq-AP,3.5043516,4.961994,0.5166731,0.2,0.14285714285714285,-0.2,-0.625,0.42857142857142855,-0.4,0.35294117647058826,-0.8571428571428571,0.42105263157894735,0.0,0.2857142857142857,Ambiguous,0.6164587937617647
sub-010068,post-ses-02-run-02-acq-PA,-4.397828,-0.17874464,-5.609665,0.0,0.8571428571428571,0.4,0.375,0.2857142857142857,0.6,-0.47058823529411764,0.2857142857142857,0.42105263157894735,0.625,0.5714285714285714,Set B,0.9955697208069417
sub-010069,post-ses-02-run-01-acq-AP,0.70141274,3.3896372,15.1289425,-2.4,-0.7142857142857143,-1.4,-0.5,-1.4285714285714286,-2.2,1.0588235294117647,-0.14285714285714285,0.0,0.125,-1.0,Set A,0.9999995191554687
sub-010069,post-ses-02-run-01-acq-PA,1.3088284,2.3461518,15.06035,-2.4,-0.7142857142857143,-1.8,-0.25,-0.5714285714285714,-1.8,0.47058823529411764,-0.14285714285714285,0.0,0.25,-0.7142857142857143,Set A,0.999996465644622
sub-010069,post-ses-02-run-02-acq-AP,1.3728652,2.9290764,14.229469,-2.4,-0.7142857142857143,-1.2,-0.375,-0.8571428571428571,-2.4,0.11764705882352941,-0.42857142857142855,-0.10526315789473684,0.25,-0.5714285714285714,Set A,0.9999986075200666
sub-010069,post-ses-02-run-02-acq-PA,0.37475634,2.6643713,14.862747,-2.4,-0.7142857142857143,-1.8,-0.75,-1.1428571428571428,-2.2,0.9411764705882353,-0.14285714285714285,0.0,0.125,-0.7142857142857143,Set A,0.9999997863282675
sub-010070,post-ses-02-run-01-acq-AP,3.61981,-3.5046754,5.3826284,-0.2,-0.2857142857142857,0.2,0.5,-0.42857142857142855,-0.4,-0.7058823529411765,-0.2857142857142857,-0.3157894736842105,-0.5,-0.42857142857142855,Set B,0.9119825969904657
sub-010070,post-ses-02-run-01-acq-PA,0.9025586,-2.3510053,-2.3850765,-0.2,-0.14285714285714285,0.2,0.5,0.0,0.2,-0.47058823529411764,0.14285714285714285,-0.631578947368421,0.125,-0.14285714285714285,Set B,0.991869422260084
sub-010070,post-ses-02-run-02-acq-AP,8.397394,4.6954255,-0.69613236,0.2,0.0,0.2,0.5,-0.7142857142857143,0.0,-0.47058823529411764,-1.2857142857142858,0.42105263157894735,-0.625,-0.42857142857142855,Set B,0.8391485422882157
sub-010070,post-ses-02-run-02-acq-PA,-2.1900327,-7.109463,-7.541307,0.6,-0.42857142857142855,0.6,0.75,-0.5714285714285714,0.6,-1.0588235294117647,0.42857142857142855,0.42105263157894735,-0.625,-0.5714285714285714,Set B,0.9990315533955518
sub-010071,post-ses-02-run-01-acq-PA,5.746385,-6.990827,0.66341674,0.6,0.2857142857142857,-0.2,-0.25,-0.42857142857142855,0.4,-0.47058823529411764,0.2857142857142857,-0.21052631578947367,-0.75,-0.14285714285714285,Set B,0.9897272191202513
sub-010071,post-ses-02-run-02-acq-AP,-2.7293062,4.1874194,-8.864886,0.4,0.14285714285714285,0.2,-0.375,0.42857142857142855,0.4,0.7058823529411765,0.2857142857142857,-0.21052631578947367,0.625,0.42857142857142855,Set B,0.9949428618682322
sub-010071,post-ses-02-run-02-acq-PA,-3.6418915,-8.4848385,4.1775517,0.6,0.14285714285714285,-1.8,-0.75,-1.0,0.4,-0.7058823529411765,0.2857142857142857,-0.42105263157894735,0.25,-0.14285714285714285,Ambiguous,0.7414252044350774
sub-010072,post-ses-02-run-01-acq-AP,-0.3572732,-0.60136175,3.0289152,0.4,-0.42857142857142855,-1.0,0.25,0.42857142857142855,-0.4,-0.23529411764705882,-0.2857142857142857,-0.7368421052631579,-0.625,-0.2857142857142857,Ambiguous,0.7003638180727969
sub-010072,post-ses-02-run-01-acq-PA,-1.2671998,-0.37114283,3.26227,0.0,0.0,-1.4,0.375,0.42857142857142855,0.2,0.11764705882352941,-0.8571428571428571,-0.9473684210526315,-1.125,-0.14285714285714285,Set A,0.812996602549078
sub-010072,post-ses-02-run-02-acq-AP,1.2331865,-0.40830535,2.7589364,0.0,-0.2857142857142857,-0.2,0.0,0.14285714285714285,-0.6,-0.11764705882352941,-0.2857142857142857,-0.5263157894736842,-0.375,-0.14285714285714285,Set B,0.8118387437848804
sub-010072,post-ses-02-run-02-acq-PA,-1.093907,-7.0821285,5.772744,0.0,-0.8571428571428571,-1.0,0.125,-1.2857142857142858,-0.6,-0.23529411764705882,0.42857142857142855,-0.5263157894736842,-0.625,0.42857142857142855,Ambiguous,0.5417083417425439
sub-010073,post-ses-02-run-01-acq-AP,-3.2086122,-6.581821,0.37155932,-0.4,-0.2857142857142857,-0.6,-0.5,-0.5714285714285714,1.0,-0.5882352941176471,0.0,0.3157894736842105,0.25,0.7142857142857143,Set B,0.9657029841397883
sub-010073,post-ses-02-run-01-acq-PA,-2.3807068,9.017685,-6.134854,-0.6,0.5714285714285714,0.6,-0.625,0.2857142857142857,1.0,0.11764705882352941,0.0,0.42105263157894735,-0.125,0.5714285714285714,Set B,0.9787091023809176
sub-010073,post-ses-02-run-02-acq-AP,0.138016,-4.8722434,-13.746766,0.6,-0.5714285714285714,1.0,1.125,0.7142857142857143,1.2,-0.8235294117647058,0.5714285714285714,0.42105263157894735,0.625,1.1428571428571428,Set B,0.9998686044969332
sub-010073,post-ses-02-run-02-acq-PA,8.868489,2.9286885,5.2832727,0.4,-0.5714285714285714,1.4,-1.125,0.8571428571428571,-1.4,0.5882352941176471,0.14285714285714285,0.3157894736842105,0.25,-0.14285714285714285,Ambiguous,0.7563192594478528
sub-010075,post-ses-02-run-01-acq-PA,9.870982,-4.8869395,-2.844382,-0.4,0.5714285714285714,1.4,-1.25,0.42857142857142855,0.2,0.47058823529411764,-0.14285714285714285,-0.8421052631578947,0.375,-0.42857142857142855,Set B,0.951302148345528
sub-010076,post-ses-02-run-01-acq-AP,7.942529,-1.2769603,0.0573291,0.4,-0.7142857142857143,0.4,-0.125,-0.8571428571428571,-0.2,-0.35294117647058826,0.2857142857142857,0.7368421052631579,0.875,-1.0,Set B,0.9915315818375426
sub-010076,post-ses-02-run-01-acq-PA,7.27599,-0.70499617,0.7408372,0.4,-0.42857142857142855,0.2,-0.75,-0.14285714285714285,-0.2,-0.5882352941176471,-0.2857142857142857,0.5263157894736842,0.625,-0.8571428571428571,Set B,0.9748327604619922
sub-010076,post-ses-02-run-02-acq-AP,5.300488,-1.8347582,-1.858478,-0.4,0.0,-0.2,-0.5,-0.5714285714285714,-0.2,0.23529411764705882,0.14285714285714285,0.42105263157894735,0.25,-0.5714285714285714,Set B,0.8348376766286174
sub-010077,post-ses-02-run-01-acq-AP,2.920125,-9.3713455,-2.5372646,1.0,-0.7142857142857143,0.2,0.375,-0.7142857142857143,0.2,-0.47058823529411764,-0.2857142857142857,-0.10526315789473684,0.125,-0.8571428571428571,Set B,0.9975146039920767
sub-010077,post-ses-02-run-01-acq-PA,2.996178,-9.801028,-0.45408085,0.6,-0.7142857142857143,0.2,0.625,-1.1428571428571428,0.4,0.11764705882352941,-0.14285714285714285,-0.3157894736842105,-0.875,-1.0,Set B,0.9893443874085314
sub-010077,post-ses-02-run-02-acq-AP,3.7165549,-9.572628,0.18651186,0.4,-0.7142857142857143,0.4,-0.125,-0.8571428571428571,0.4,-0.23529411764705882,-0.14285714285714285,-0.631578947368421,-1.25,-1.0,Set B,0.9824181099403737
sub-010077,post-ses-02-run-02-acq-PA,-6.732035,2.0290434,-4.3241086,-0.6,0.7142857142857143,-0.4,0.75,0.0,0.2,-0.7058823529411765,0.42857142857142855,-0.5263157894736842,-0.125,0.5714285714285714,Set B,0.896776498922201
sub-010078,post-ses-02-run-01-acq-PA,7.6518164,-7.150714,-0.9533238,0.8,0.14285714285714285,0.8,-0.125,-0.42857142857142855,0.2,0.11764705882352941,-0.42857142857142855,-0.7368421052631579,-0.375,0.0,Set B,0.995237244035666
sub-010078,post-ses-02-run-02-acq-AP,8.511801,-5.482021,-0.0503268,-0.2,0.0,0.8,-0.75,-0.2857142857142857,-0.4,-0.11764705882352941,-0.2857142857142857,-0.7368421052631579,-0.5,0.0,Set B,0.8886972975124661
sub-010078,post-ses-02-run-02-acq-PA,-3.637591,0.010513935,5.2645183,-0.4,0.2857142857142857,-1.0,0.125,-0.5714285714285714,-0.4,-0.23529411764705882,-0.2857142857142857,-0.7368421052631579,0.0,0.0,Ambiguous,0.6553042851020789
